timestamp, index, clocks.current.sm [MHz], clocks.current.memory [MHz], power.draw [W], utilization.gpu [%], memory.used [MiB]
2026/09/15 20:55:21.050, 0, 345 MHz, 2619 MHz, 61.57 W, 0 %, 0 MiB
2026/09/15 20:55:21.165, 0, 345 MHz, 2619 MHz, 61.57 W, 0 %, 0 MiB
2026/09/15 20:55:21.265, 0, 345 MHz, 2619 MHz, 61.58 W, 0 %, 0 MiB
2026/09/15 20:55:21.366, 0, 345 MHz, 2619 MHz, 61.59 W, 0 %, 0 MiB
2026/09/15 20:55:21.466, 0, 345 MHz, 2619 MHz, 61.60 W, 0 %, 0 MiB
2026/09/15 20:55:21.566, 0, 345 MHz, 2619 MHz, 61.61 W, 0 %, 0 MiB
2026/09/15 20:55:21.666, 0, 345 MHz, 2619 MHz, 61.61 W, 0 %, 0 MiB
2026/09/15 20:55:21.767, 0, 345 MHz, 2619 MHz, 61.62 W, 0 %, 0 MiB
2026/09/15 20:55:21.867, 0, 345 MHz, 2619 MHz, 61.61 W, 0 %, 0 MiB
2026/09/15 20:55:21.967, 0, 345 MHz, 2619 MHz, 61.62 W, 0 %, 0 MiB
2026/09/15 20:55:22.068, 0, 345 MHz, 2619 MHz, 61.63 W, 0 %, 0 MiB
2026/09/15 20:55:22.168, 0, 345 MHz, 2619 MHz, 61.62 W, 0 %, 0 MiB
2026/09/15 20:55:22.268, 0, 345 MHz, 2619 MHz, 61.63 W, 0 %, 0 MiB
2026/09/15 20:55:22.369, 0, 345 MHz, 2619 MHz, 61.60 W, 0 %, 0 MiB
2026/09/15 20:55:22.469, 0, 345 MHz, 2619 MHz, 61.60 W, 0 %, 0 MiB
2026/09/15 20:55:22.569, 0, 345 MHz, 2619 MHz, 61.62 W, 0 %, 0 MiB
2026/09/15 20:55:22.670, 0, 345 MHz, 2619 MHz, 61.62 W, 0 %, 0 MiB
2026/09/15 20:55:22.770, 0, 345 MHz, 2619 MHz, 61.65 W, 0 %, 0 MiB
2026/09/15 20:55:22.870, 0, 345 MHz, 2619 MHz, 61.65 W, 0 %, 0 MiB
2026/09/15 20:55:22.971, 0, 345 MHz, 2619 MHz, 61.64 W, 0 %, 0 MiB
2026/09/15 20:55:23.071, 0, 345 MHz, 2619 MHz, 61.64 W, 0 %, 0 MiB
2026/09/15 20:55:23.171, 0, 345 MHz, 2619 MHz, 61.64 W, 0 %, 0 MiB
2026/09/15 20:55:23.272, 0, 345 MHz, 2619 MHz, 61.63 W, 0 %, 0 MiB
2026/09/15 20:55:23.372, 0, 345 MHz, 2619 MHz, 61.64 W, 0 %, 0 MiB
2026/09/15 20:55:23.472, 0, 345 MHz, 2619 MHz, 61.63 W, 0 %, 0 MiB
2026/09/15 20:55:23.573, 0, 345 MHz, 2619 MHz, 61.62 W, 0 %, 0 MiB
2026/09/15 20:55:23.673, 0, 345 MHz, 2619 MHz, 61.61 W, 0 %, 0 MiB
2026/09/15 20:55:23.773, 0, 345 MHz, 2619 MHz, 61.58 W, 0 %, 0 MiB
2026/09/15 20:55:23.874, 0, 345 MHz, 2619 MHz, 61.58 W, 0 %, 0 MiB
2026/09/15 20:55:23.974, 0, 345 MHz, 2619 MHz, 61.58 W, 0 %, 0 MiB
2026/09/15 20:55:24.074, 0, 345 MHz, 2619 MHz, 61.57 W, 0 %, 0 MiB
2026/09/15 20:55:24.175, 0, 345 MHz, 2619 MHz, 61.59 W, 0 %, 0 MiB
2026/09/15 20:55:24.275, 0, 345 MHz, 2619 MHz, 61.59 W, 0 %, 0 MiB
2026/09/15 20:55:24.375, 0, 345 MHz, 2619 MHz, 61.58 W, 0 %, 0 MiB
2026/09/15 20:55:24.476, 0, 345 MHz, 2619 MHz, 61.59 W, 0 %, 0 MiB
2026/09/15 20:55:24.576, 0, 345 MHz, 2619 MHz, 61.61 W, 0 %, 0 MiB
2026/09/15 20:55:24.677, 0, 345 MHz, 2619 MHz, 61.61 W, 0 %, 0 MiB
2026/09/15 20:55:24.777, 0, 345 MHz, 2619 MHz, 61.61 W, 0 %, 0 MiB
2026/09/15 20:55:24.877, 0, 345 MHz, 2619 MHz, 61.63 W, 0 %, 0 MiB
2026/09/15 20:55:24.977, 0, 345 MHz, 2619 MHz, 61.64 W, 0 %, 0 MiB
2026/09/15 20:55:25.078, 0, 345 MHz, 2619 MHz, 61.64 W, 0 %, 0 MiB
2026/09/15 20:55:25.178, 0, 345 MHz, 2619 MHz, 61.62 W, 0 %, 0 MiB
2026/09/15 20:55:25.279, 0, 345 MHz, 2619 MHz, 61.63 W, 0 %, 0 MiB
2026/09/15 20:55:25.379, 0, 345 MHz, 2619 MHz, 61.63 W, 0 %, 0 MiB
2026/09/15 20:55:25.479, 0, 345 MHz, 2619 MHz, 61.63 W, 0 %, 0 MiB
2026/09/15 20:55:25.580, 0, 345 MHz, 2619 MHz, 61.62 W, 0 %, 0 MiB
2026/09/15 20:55:25.680, 0, 345 MHz, 2619 MHz, 61.62 W, 0 %, 0 MiB
2026/09/15 20:55:25.780, 0, 345 MHz, 2619 MHz, 61.62 W, 0 %, 0 MiB
2026/09/15 20:55:25.881, 0, 345 MHz, 2619 MHz, 61.61 W, 0 %, 0 MiB
2026/09/15 20:55:25.981, 0, 345 MHz, 2619 MHz, 61.60 W, 0 %, 0 MiB
2026/09/15 20:55:26.081, 0, 345 MHz, 2619 MHz, 61.60 W, 0 %, 0 MiB
2026/09/15 20:55:26.182, 0, 345 MHz, 2619 MHz, 61.60 W, 0 %, 0 MiB
2026/09/15 20:55:26.282, 0, 345 MHz, 2619 MHz, 61.59 W, 0 %, 0 MiB
2026/09/15 20:55:26.382, 0, 345 MHz, 2619 MHz, 61.58 W, 0 %, 0 MiB
2026/09/15 20:55:26.482, 0, 345 MHz, 2619 MHz, 61.58 W, 0 %, 0 MiB
2026/09/15 20:55:26.583, 0, 345 MHz, 2619 MHz, 61.58 W, 0 %, 0 MiB
2026/09/15 20:55:26.683, 0, 345 MHz, 2619 MHz, 61.59 W, 0 %, 0 MiB
2026/09/15 20:55:26.784, 0, 345 MHz, 2619 MHz, 61.58 W, 0 %, 0 MiB
2026/09/15 20:55:26.884, 0, 345 MHz, 2619 MHz, 61.58 W, 0 %, 0 MiB
2026/09/15 20:55:26.984, 0, 345 MHz, 2619 MHz, 61.58 W, 0 %, 0 MiB
2026/09/15 20:55:27.085, 0, 345 MHz, 2619 MHz, 61.58 W, 0 %, 0 MiB
2026/09/15 20:55:27.185, 0, 345 MHz, 2619 MHz, 61.59 W, 0 %, 0 MiB
2026/09/15 20:55:27.285, 0, 345 MHz, 2619 MHz, 61.59 W, 0 %, 0 MiB
2026/09/15 20:55:27.386, 0, 345 MHz, 2619 MHz, 61.59 W, 0 %, 1 MiB
2026/09/15 20:55:27.503, 0, 345 MHz, 2619 MHz, 61.59 W, 0 %, 1 MiB
2026/09/15 20:55:27.650, 0, 345 MHz, 2619 MHz, 61.64 W, 0 %, 4 MiB
2026/09/15 20:55:27.750, 0, 345 MHz, 2619 MHz, 61.64 W, 0 %, 4 MiB
2026/09/15 20:55:27.851, 0, 345 MHz, 2619 MHz, 61.65 W, 0 %, 4 MiB
2026/09/15 20:55:27.951, 0, 345 MHz, 2619 MHz, 61.65 W, 0 %, 4 MiB
2026/09/15 20:55:28.051, 0, 1785 MHz, 2619 MHz, 61.65 W, 0 %, 23 MiB
2026/09/15 20:55:28.151, 0, 1785 MHz, 2619 MHz, 66.51 W, 0 %, 595 MiB
2026/09/15 20:55:28.251, 0, 1785 MHz, 2619 MHz, 69.32 W, 3 %, 595 MiB
2026/09/15 20:55:28.351, 0, 1785 MHz, 2619 MHz, 71.85 W, 3 %, 595 MiB
2026/09/15 20:55:28.451, 0, 1785 MHz, 2619 MHz, 74.82 W, 1 %, 693 MiB
2026/09/15 20:55:28.552, 0, 1785 MHz, 2619 MHz, 77.25 W, 1 %, 693 MiB
2026/09/15 20:55:28.652, 0, 1785 MHz, 2619 MHz, 79.94 W, 0 %, 693 MiB
2026/09/15 20:55:28.752, 0, 1785 MHz, 2619 MHz, 82.63 W, 0 %, 1775 MiB
2026/09/15 20:55:28.852, 0, 1785 MHz, 2619 MHz, 85.38 W, 0 %, 1937 MiB
2026/09/15 20:55:28.952, 0, 1785 MHz, 2619 MHz, 88.09 W, 0 %, 1937 MiB
2026/09/15 20:55:29.053, 0, 1785 MHz, 2619 MHz, 89.22 W, 0 %, 1937 MiB
2026/09/15 20:55:29.153, 0, 1785 MHz, 2619 MHz, 89.13 W, 0 %, 1937 MiB
2026/09/15 20:55:29.253, 0, 1785 MHz, 2619 MHz, 89.18 W, 0 %, 1937 MiB
2026/09/15 20:55:29.353, 0, 1785 MHz, 2619 MHz, 89.19 W, 0 %, 1937 MiB
2026/09/15 20:55:29.453, 0, 1785 MHz, 2619 MHz, 89.16 W, 0 %, 1937 MiB
2026/09/15 20:55:29.553, 0, 1785 MHz, 2619 MHz, 89.16 W, 0 %, 1937 MiB
2026/09/15 20:55:29.654, 0, 1785 MHz, 2619 MHz, 89.16 W, 0 %, 1937 MiB
2026/09/15 20:55:29.754, 0, 1785 MHz, 2619 MHz, 89.15 W, 0 %, 1937 MiB
2026/09/15 20:55:29.854, 0, 1785 MHz, 2619 MHz, 89.10 W, 0 %, 1937 MiB
2026/09/15 20:55:29.954, 0, 1785 MHz, 2619 MHz, 89.08 W, 0 %, 1937 MiB
2026/09/15 20:55:30.054, 0, 1785 MHz, 2619 MHz, 89.10 W, 0 %, 1937 MiB
2026/09/15 20:55:30.154, 0, 1785 MHz, 2619 MHz, 89.11 W, 0 %, 1937 MiB
2026/09/15 20:55:30.254, 0, 1785 MHz, 2619 MHz, 89.11 W, 0 %, 1937 MiB
2026/09/15 20:55:30.354, 0, 1785 MHz, 2619 MHz, 89.11 W, 0 %, 13809 MiB
2026/09/15 20:55:30.455, 0, 1785 MHz, 2619 MHz, 89.12 W, 1 %, 16059 MiB
2026/09/15 20:55:30.555, 0, 1785 MHz, 2619 MHz, 89.11 W, 1 %, 16059 MiB
2026/09/15 20:55:30.655, 0, 1785 MHz, 2619 MHz, 89.12 W, 0 %, 16059 MiB
2026/09/15 20:55:30.755, 0, 1785 MHz, 2619 MHz, 89.13 W, 0 %, 16059 MiB
2026/09/15 20:55:30.855, 0, 1785 MHz, 2619 MHz, 89.14 W, 0 %, 16059 MiB
2026/09/15 20:55:30.955, 0, 1785 MHz, 2619 MHz, 89.13 W, 0 %, 16059 MiB
2026/09/15 20:55:31.056, 0, 1785 MHz, 2619 MHz, 89.15 W, 2 %, 16059 MiB
2026/09/15 20:55:31.156, 0, 1785 MHz, 2619 MHz, 89.14 W, 2 %, 16059 MiB
2026/09/15 20:55:31.256, 0, 1785 MHz, 2619 MHz, 89.17 W, 2 %, 16059 MiB
2026/09/15 20:55:31.356, 0, 1785 MHz, 2619 MHz, 89.18 W, 2 %, 16059 MiB
2026/09/15 20:55:31.457, 0, 1785 MHz, 2619 MHz, 89.19 W, 2 %, 16059 MiB
2026/09/15 20:55:31.557, 0, 1785 MHz, 2619 MHz, 89.19 W, 2 %, 16059 MiB
2026/09/15 20:55:31.657, 0, 1785 MHz, 2619 MHz, 89.19 W, 2 %, 16059 MiB
2026/09/15 20:55:31.758, 0, 1785 MHz, 2619 MHz, 89.19 W, 2 %, 16059 MiB
2026/09/15 20:55:31.858, 0, 1785 MHz, 2619 MHz, 89.21 W, 2 %, 16059 MiB
2026/09/15 20:55:31.958, 0, 1785 MHz, 2619 MHz, 89.28 W, 2 %, 16059 MiB
2026/09/15 20:55:32.058, 0, 1785 MHz, 2619 MHz, 89.31 W, 13 %, 16059 MiB
2026/09/15 20:55:32.159, 0, 1785 MHz, 2619 MHz, 89.31 W, 13 %, 16059 MiB
2026/09/15 20:55:32.259, 0, 1785 MHz, 2619 MHz, 89.29 W, 2 %, 16059 MiB
2026/09/15 20:55:32.359, 0, 1785 MHz, 2619 MHz, 89.28 W, 2 %, 16059 MiB
2026/09/15 20:55:32.459, 0, 1785 MHz, 2619 MHz, 89.28 W, 2 %, 16059 MiB
2026/09/15 20:55:32.559, 0, 1785 MHz, 2619 MHz, 89.27 W, 2 %, 16059 MiB
2026/09/15 20:55:32.659, 0, 1785 MHz, 2619 MHz, 89.27 W, 2 %, 16059 MiB
2026/09/15 20:55:32.760, 0, 1785 MHz, 2619 MHz, 89.26 W, 2 %, 16059 MiB
2026/09/15 20:55:32.860, 0, 1785 MHz, 2619 MHz, 89.25 W, 2 %, 16059 MiB
2026/09/15 20:55:32.960, 0, 1785 MHz, 2619 MHz, 89.19 W, 2 %, 16059 MiB
2026/09/15 20:55:33.060, 0, 1785 MHz, 2619 MHz, 89.16 W, 2 %, 16059 MiB
2026/09/15 20:55:33.160, 0, 1785 MHz, 2619 MHz, 89.14 W, 2 %, 16059 MiB
2026/09/15 20:55:33.261, 0, 1785 MHz, 2619 MHz, 89.14 W, 2 %, 16059 MiB
2026/09/15 20:55:33.361, 0, 1785 MHz, 2619 MHz, 89.15 W, 2 %, 16059 MiB
2026/09/15 20:55:33.461, 0, 1785 MHz, 2619 MHz, 89.16 W, 2 %, 16059 MiB
2026/09/15 20:55:33.562, 0, 1785 MHz, 2619 MHz, 89.16 W, 2 %, 16059 MiB
2026/09/15 20:55:33.662, 0, 1785 MHz, 2619 MHz, 89.18 W, 2 %, 16059 MiB
2026/09/15 20:55:33.762, 0, 1785 MHz, 2619 MHz, 89.18 W, 2 %, 16059 MiB
2026/09/15 20:55:33.862, 0, 1785 MHz, 2619 MHz, 89.18 W, 2 %, 16059 MiB
2026/09/15 20:55:33.962, 0, 1785 MHz, 2619 MHz, 89.17 W, 2 %, 16059 MiB
2026/09/15 20:55:34.063, 0, 1785 MHz, 2619 MHz, 89.17 W, 2 %, 16059 MiB
2026/09/15 20:55:34.163, 0, 1785 MHz, 2619 MHz, 89.17 W, 2 %, 16059 MiB
2026/09/15 20:55:34.263, 0, 1785 MHz, 2619 MHz, 89.19 W, 2 %, 16059 MiB
2026/09/15 20:55:34.363, 0, 1785 MHz, 2619 MHz, 89.18 W, 2 %, 16059 MiB
2026/09/15 20:55:34.463, 0, 1785 MHz, 2619 MHz, 89.19 W, 2 %, 16059 MiB
2026/09/15 20:55:34.563, 0, 1785 MHz, 2619 MHz, 89.19 W, 2 %, 16059 MiB
2026/09/15 20:55:34.663, 0, 1785 MHz, 2619 MHz, 89.19 W, 2 %, 16059 MiB
2026/09/15 20:55:34.763, 0, 1785 MHz, 2619 MHz, 89.19 W, 2 %, 16059 MiB
2026/09/15 20:55:34.864, 0, 1785 MHz, 2619 MHz, 89.19 W, 2 %, 16059 MiB
2026/09/15 20:55:34.964, 0, 1785 MHz, 2619 MHz, 89.18 W, 2 %, 16059 MiB
2026/09/15 20:55:35.064, 0, 1785 MHz, 2619 MHz, 89.19 W, 2 %, 16059 MiB
2026/09/15 20:55:35.164, 0, 1785 MHz, 2619 MHz, 89.29 W, 2 %, 16059 MiB
2026/09/15 20:55:35.264, 0, 1785 MHz, 2619 MHz, 89.40 W, 14 %, 16059 MiB
2026/09/15 20:55:35.364, 0, 1785 MHz, 2619 MHz, 89.51 W, 14 %, 16059 MiB
2026/09/15 20:55:35.464, 0, 1785 MHz, 2619 MHz, 89.59 W, 14 %, 16059 MiB
2026/09/15 20:55:35.564, 0, 1785 MHz, 2619 MHz, 89.68 W, 14 %, 16059 MiB
2026/09/15 20:55:35.665, 0, 1785 MHz, 2619 MHz, 89.76 W, 12 %, 16059 MiB
2026/09/15 20:55:35.765, 0, 1785 MHz, 2619 MHz, 89.84 W, 12 %, 16059 MiB
2026/09/15 20:55:35.865, 0, 1785 MHz, 2619 MHz, 89.93 W, 13 %, 16059 MiB
2026/09/15 20:55:35.965, 0, 1785 MHz, 2619 MHz, 89.97 W, 13 %, 16059 MiB
2026/09/15 20:55:36.065, 0, 1785 MHz, 2619 MHz, 90.08 W, 7 %, 16059 MiB
2026/09/15 20:55:36.165, 0, 1785 MHz, 2619 MHz, 90.07 W, 7 %, 16059 MiB
2026/09/15 20:55:36.265, 0, 1785 MHz, 2619 MHz, 90.07 W, 15 %, 16059 MiB
2026/09/15 20:55:36.366, 0, 1785 MHz, 2619 MHz, 90.06 W, 15 %, 16059 MiB
2026/09/15 20:55:36.466, 0, 1785 MHz, 2619 MHz, 90.08 W, 14 %, 16059 MiB
2026/09/15 20:55:36.566, 0, 1785 MHz, 2619 MHz, 90.08 W, 14 %, 16059 MiB
2026/09/15 20:55:36.666, 0, 1785 MHz, 2619 MHz, 90.09 W, 13 %, 16059 MiB
2026/09/15 20:55:36.766, 0, 1785 MHz, 2619 MHz, 90.01 W, 13 %, 16059 MiB
2026/09/15 20:55:36.866, 0, 1785 MHz, 2619 MHz, 90.03 W, 4 %, 16059 MiB
2026/09/15 20:55:36.966, 0, 1785 MHz, 2619 MHz, 90.07 W, 4 %, 16059 MiB
2026/09/15 20:55:37.066, 0, 1785 MHz, 2619 MHz, 89.96 W, 6 %, 16059 MiB
2026/09/15 20:55:37.167, 0, 1785 MHz, 2619 MHz, 89.86 W, 6 %, 16059 MiB
2026/09/15 20:55:37.267, 0, 1785 MHz, 2619 MHz, 89.78 W, 0 %, 16059 MiB
2026/09/15 20:55:37.367, 0, 1785 MHz, 2619 MHz, 89.67 W, 0 %, 16059 MiB
2026/09/15 20:55:37.467, 0, 1785 MHz, 2619 MHz, 89.57 W, 0 %, 16059 MiB
2026/09/15 20:55:37.567, 0, 1785 MHz, 2619 MHz, 89.47 W, 0 %, 16059 MiB
2026/09/15 20:55:37.667, 0, 1785 MHz, 2619 MHz, 89.42 W, 0 %, 16615 MiB
2026/09/15 20:55:37.767, 0, 1785 MHz, 2619 MHz, 89.41 W, 0 %, 16615 MiB
2026/09/15 20:55:37.867, 0, 1785 MHz, 2619 MHz, 89.31 W, 0 %, 16615 MiB
2026/09/15 20:55:37.968, 0, 1785 MHz, 2619 MHz, 89.25 W, 0 %, 17161 MiB
2026/09/15 20:55:38.068, 0, 1785 MHz, 2619 MHz, 89.30 W, 0 %, 18761 MiB
2026/09/15 20:55:38.168, 0, 1260 MHz, 2619 MHz, 123.31 W, 0 %, 18761 MiB
2026/09/15 20:55:38.268, 0, 1200 MHz, 2619 MHz, 155.85 W, 100 %, 18761 MiB
2026/09/15 20:55:38.368, 0, 1215 MHz, 2619 MHz, 186.88 W, 100 %, 18761 MiB
2026/09/15 20:55:38.468, 0, 1215 MHz, 2619 MHz, 221.77 W, 100 %, 18761 MiB
2026/09/15 20:55:38.568, 0, 1500 MHz, 2619 MHz, 233.38 W, 100 %, 18761 MiB
2026/09/15 20:55:38.669, 0, 1770 MHz, 2619 MHz, 236.02 W, 27 %, 18761 MiB
2026/09/15 20:55:38.769, 0, 1770 MHz, 2619 MHz, 233.07 W, 27 %, 18761 MiB
2026/09/15 20:55:38.869, 0, 1770 MHz, 2619 MHz, 235.90 W, 0 %, 18761 MiB
2026/09/15 20:55:38.970, 0, 1785 MHz, 2619 MHz, 235.72 W, 0 %, 18761 MiB
2026/09/15 20:55:39.070, 0, 1785 MHz, 2619 MHz, 233.06 W, 0 %, 18761 MiB
2026/09/15 20:55:39.170, 0, 1785 MHz, 2619 MHz, 206.16 W, 0 %, 18761 MiB
2026/09/15 20:55:39.270, 0, 1785 MHz, 2619 MHz, 174.19 W, 0 %, 18761 MiB
2026/09/15 20:55:39.371, 0, 1785 MHz, 2619 MHz, 136.51 W, 0 %, 18761 MiB
2026/09/15 20:55:39.471, 0, 1785 MHz, 2619 MHz, 103.63 W, 1 %, 18761 MiB
2026/09/15 20:55:39.571, 0, 1785 MHz, 2619 MHz, 89.11 W, 1 %, 18761 MiB
2026/09/15 20:55:39.672, 0, 1785 MHz, 2619 MHz, 89.40 W, 0 %, 18761 MiB
2026/09/15 20:55:39.772, 0, 1785 MHz, 2619 MHz, 89.54 W, 0 %, 18761 MiB
2026/09/15 20:55:39.872, 0, 1785 MHz, 2619 MHz, 89.62 W, 0 %, 18761 MiB
2026/09/15 20:55:39.973, 0, 1785 MHz, 2619 MHz, 89.66 W, 0 %, 18761 MiB
2026/09/15 20:55:40.073, 0, 1785 MHz, 2619 MHz, 94.46 W, 0 %, 84643 MiB
2026/09/15 20:55:40.173, 0, 1785 MHz, 2619 MHz, 94.63 W, 0 %, 84643 MiB
2026/09/15 20:55:40.273, 0, 1785 MHz, 2619 MHz, 94.54 W, 0 %, 84643 MiB
2026/09/15 20:55:40.374, 0, 1785 MHz, 2619 MHz, 94.51 W, 0 %, 84643 MiB
2026/09/15 20:55:40.474, 0, 1785 MHz, 2619 MHz, 94.59 W, 0 %, 84643 MiB
2026/09/15 20:55:40.574, 0, 1785 MHz, 2619 MHz, 94.60 W, 0 %, 84643 MiB
2026/09/15 20:55:40.674, 0, 1785 MHz, 2619 MHz, 94.51 W, 0 %, 84643 MiB
2026/09/15 20:55:40.774, 0, 1785 MHz, 2619 MHz, 94.52 W, 0 %, 84643 MiB
2026/09/15 20:55:40.874, 0, 1785 MHz, 2619 MHz, 94.61 W, 0 %, 84643 MiB
2026/09/15 20:55:40.975, 0, 1785 MHz, 2619 MHz, 94.53 W, 0 %, 84643 MiB
2026/09/15 20:55:41.075, 0, 1785 MHz, 2619 MHz, 89.71 W, 0 %, 84643 MiB
2026/09/15 20:55:41.175, 0, 1785 MHz, 2619 MHz, 89.65 W, 0 %, 84643 MiB
2026/09/15 20:55:41.275, 0, 1785 MHz, 2619 MHz, 89.64 W, 0 %, 84643 MiB
2026/09/15 20:55:41.376, 0, 1785 MHz, 2619 MHz, 89.65 W, 0 %, 84643 MiB
2026/09/15 20:55:41.476, 0, 1785 MHz, 2619 MHz, 89.66 W, 0 %, 84643 MiB
2026/09/15 20:55:41.576, 0, 1785 MHz, 2619 MHz, 89.67 W, 0 %, 84643 MiB
2026/09/15 20:55:41.676, 0, 1785 MHz, 2619 MHz, 89.66 W, 0 %, 84643 MiB
2026/09/15 20:55:41.776, 0, 1785 MHz, 2619 MHz, 89.65 W, 0 %, 84643 MiB
2026/09/15 20:55:41.876, 0, 1785 MHz, 2619 MHz, 89.64 W, 0 %, 84643 MiB
2026/09/15 20:55:41.977, 0, 1785 MHz, 2619 MHz, 89.66 W, 0 %, 84643 MiB
2026/09/15 20:55:42.077, 0, 1785 MHz, 2619 MHz, 89.67 W, 0 %, 84643 MiB
2026/09/15 20:55:42.177, 0, 1785 MHz, 2619 MHz, 89.68 W, 0 %, 84643 MiB
2026/09/15 20:55:42.277, 0, 1785 MHz, 2619 MHz, 89.68 W, 0 %, 84643 MiB
2026/09/15 20:55:42.377, 0, 1785 MHz, 2619 MHz, 89.68 W, 0 %, 84643 MiB
2026/09/15 20:55:42.477, 0, 1785 MHz, 2619 MHz, 89.66 W, 0 %, 84643 MiB
2026/09/15 20:55:42.578, 0, 1785 MHz, 2619 MHz, 89.65 W, 0 %, 84643 MiB
2026/09/15 20:55:42.678, 0, 1785 MHz, 2619 MHz, 89.64 W, 0 %, 84643 MiB
2026/09/15 20:55:42.778, 0, 1785 MHz, 2619 MHz, 89.64 W, 0 %, 85219 MiB
2026/09/15 20:55:42.878, 0, 1380 MHz, 2619 MHz, 113.66 W, 0 %, 86691 MiB
2026/09/15 20:55:42.979, 0, 1230 MHz, 2619 MHz, 146.27 W, 0 %, 86691 MiB
2026/09/15 20:55:43.079, 0, 1215 MHz, 2619 MHz, 178.38 W, 100 %, 86691 MiB
2026/09/15 20:55:43.179, 0, 1200 MHz, 2619 MHz, 209.20 W, 100 %, 86691 MiB
2026/09/15 20:55:43.279, 0, 1215 MHz, 2619 MHz, 238.14 W, 100 %, 86691 MiB
2026/09/15 20:55:43.379, 0, 1755 MHz, 2619 MHz, 251.03 W, 100 %, 86691 MiB
2026/09/15 20:55:43.480, 0, 1650 MHz, 2619 MHz, 261.90 W, 56 %, 86691 MiB
2026/09/15 20:55:43.580, 0, 1770 MHz, 2619 MHz, 261.77 W, 56 %, 86691 MiB
2026/09/15 20:55:43.680, 0, 1770 MHz, 2619 MHz, 261.67 W, 0 %, 86691 MiB
2026/09/15 20:55:43.781, 0, 1770 MHz, 2619 MHz, 258.21 W, 0 %, 86691 MiB
2026/09/15 20:55:43.881, 0, 1785 MHz, 2619 MHz, 241.39 W, 0 %, 86691 MiB
2026/09/15 20:55:43.981, 0, 1785 MHz, 2619 MHz, 209.00 W, 0 %, 86691 MiB
2026/09/15 20:55:44.081, 0, 1785 MHz, 2619 MHz, 177.10 W, 0 %, 86691 MiB
2026/09/15 20:55:44.182, 0, 1785 MHz, 2619 MHz, 144.96 W, 0 %, 86691 MiB
2026/09/15 20:55:44.282, 0, 1785 MHz, 2619 MHz, 113.66 W, 0 %, 86691 MiB
2026/09/15 20:55:44.382, 0, 1785 MHz, 2619 MHz, 106.88 W, 0 %, 86691 MiB
2026/09/15 20:55:44.483, 0, 1785 MHz, 2619 MHz, 89.38 W, 0 %, 86691 MiB
2026/09/15 20:55:44.583, 0, 1785 MHz, 2619 MHz, 89.55 W, 0 %, 86691 MiB
2026/09/15 20:55:44.683, 0, 1785 MHz, 2619 MHz, 89.65 W, 0 %, 86691 MiB
2026/09/15 20:55:44.784, 0, 1785 MHz, 2619 MHz, 89.80 W, 0 %, 86691 MiB
2026/09/15 20:55:44.884, 0, 1785 MHz, 2619 MHz, 89.84 W, 0 %, 86691 MiB
2026/09/15 20:55:44.984, 0, 1785 MHz, 2619 MHz, 89.84 W, 0 %, 86691 MiB
2026/09/15 20:55:45.085, 0, 1785 MHz, 2619 MHz, 89.84 W, 0 %, 86691 MiB
2026/09/15 20:55:45.185, 0, 1785 MHz, 2619 MHz, 89.82 W, 0 %, 86691 MiB
2026/09/15 20:55:45.285, 0, 1785 MHz, 2619 MHz, 89.85 W, 0 %, 86691 MiB
2026/09/15 20:55:45.386, 0, 1785 MHz, 2619 MHz, 89.83 W, 0 %, 86691 MiB
2026/09/15 20:55:45.486, 0, 1785 MHz, 2619 MHz, 89.86 W, 0 %, 86691 MiB
2026/09/15 20:55:45.586, 0, 1785 MHz, 2619 MHz, 89.84 W, 0 %, 86691 MiB
2026/09/15 20:55:45.686, 0, 1785 MHz, 2619 MHz, 89.85 W, 0 %, 86691 MiB
2026/09/15 20:55:45.787, 0, 1785 MHz, 2619 MHz, 89.84 W, 0 %, 86691 MiB
2026/09/15 20:55:45.887, 0, 1785 MHz, 2619 MHz, 89.85 W, 0 %, 86691 MiB
2026/09/15 20:55:45.987, 0, 1785 MHz, 2619 MHz, 89.83 W, 0 %, 86691 MiB
2026/09/15 20:55:46.088, 0, 1785 MHz, 2619 MHz, 89.81 W, 0 %, 86691 MiB
2026/09/15 20:55:46.188, 0, 1785 MHz, 2619 MHz, 89.80 W, 0 %, 86691 MiB
2026/09/15 20:55:46.288, 0, 1785 MHz, 2619 MHz, 89.79 W, 0 %, 86691 MiB
2026/09/15 20:55:46.389, 0, 1785 MHz, 2619 MHz, 89.78 W, 0 %, 86691 MiB
2026/09/15 20:55:46.489, 0, 1785 MHz, 2619 MHz, 89.77 W, 0 %, 86691 MiB
2026/09/15 20:55:46.589, 0, 1785 MHz, 2619 MHz, 89.77 W, 0 %, 86691 MiB
2026/09/15 20:55:46.689, 0, 1785 MHz, 2619 MHz, 89.77 W, 0 %, 86691 MiB
2026/09/15 20:55:46.790, 0, 1785 MHz, 2619 MHz, 89.78 W, 0 %, 86691 MiB
2026/09/15 20:55:46.890, 0, 1785 MHz, 2619 MHz, 89.77 W, 0 %, 86691 MiB
2026/09/15 20:55:46.990, 0, 1785 MHz, 2619 MHz, 89.75 W, 0 %, 86691 MiB
2026/09/15 20:55:47.090, 0, 1785 MHz, 2619 MHz, 89.79 W, 0 %, 86691 MiB
2026/09/15 20:55:47.190, 0, 1785 MHz, 2619 MHz, 89.80 W, 0 %, 86691 MiB
2026/09/15 20:55:47.291, 0, 1785 MHz, 2619 MHz, 89.80 W, 0 %, 86691 MiB
2026/09/15 20:55:47.391, 0, 1785 MHz, 2619 MHz, 89.80 W, 0 %, 86691 MiB
2026/09/15 20:55:47.491, 0, 1785 MHz, 2619 MHz, 89.82 W, 0 %, 86691 MiB
2026/09/15 20:55:47.592, 0, 1785 MHz, 2619 MHz, 89.81 W, 0 %, 86691 MiB
2026/09/15 20:55:47.692, 0, 1785 MHz, 2619 MHz, 89.83 W, 0 %, 86691 MiB
2026/09/15 20:55:47.792, 0, 1785 MHz, 2619 MHz, 89.81 W, 0 %, 86691 MiB
2026/09/15 20:55:47.892, 0, 1785 MHz, 2619 MHz, 89.82 W, 0 %, 86691 MiB
2026/09/15 20:55:47.993, 0, 1785 MHz, 2619 MHz, 89.80 W, 0 %, 86691 MiB
2026/09/15 20:55:48.093, 0, 1785 MHz, 2619 MHz, 89.80 W, 0 %, 86691 MiB
2026/09/15 20:55:48.193, 0, 1785 MHz, 2619 MHz, 89.79 W, 0 %, 86691 MiB
2026/09/15 20:55:48.294, 0, 1785 MHz, 2619 MHz, 89.79 W, 0 %, 86691 MiB
2026/09/15 20:55:48.394, 0, 1785 MHz, 2619 MHz, 89.79 W, 0 %, 86691 MiB
2026/09/15 20:55:48.494, 0, 1785 MHz, 2619 MHz, 89.78 W, 0 %, 86691 MiB
2026/09/15 20:55:48.595, 0, 1785 MHz, 2619 MHz, 89.78 W, 0 %, 86691 MiB
2026/09/15 20:55:48.695, 0, 1785 MHz, 2619 MHz, 89.78 W, 0 %, 86691 MiB
2026/09/15 20:55:48.795, 0, 1785 MHz, 2619 MHz, 89.78 W, 0 %, 86691 MiB
2026/09/15 20:55:48.895, 0, 1785 MHz, 2619 MHz, 89.81 W, 0 %, 86691 MiB
2026/09/15 20:55:48.995, 0, 1785 MHz, 2619 MHz, 89.81 W, 0 %, 86691 MiB
2026/09/15 20:55:49.095, 0, 1785 MHz, 2619 MHz, 89.82 W, 0 %, 86691 MiB
2026/09/15 20:55:49.196, 0, 1785 MHz, 2619 MHz, 89.82 W, 0 %, 86691 MiB
2026/09/15 20:55:49.296, 0, 1785 MHz, 2619 MHz, 89.82 W, 0 %, 86691 MiB
2026/09/15 20:55:49.396, 0, 1785 MHz, 2619 MHz, 89.80 W, 0 %, 86691 MiB
2026/09/15 20:55:49.496, 0, 1785 MHz, 2619 MHz, 89.81 W, 0 %, 86691 MiB
2026/09/15 20:55:49.596, 0, 1785 MHz, 2619 MHz, 89.79 W, 0 %, 86691 MiB
2026/09/15 20:55:49.696, 0, 1785 MHz, 2619 MHz, 89.81 W, 0 %, 86691 MiB
2026/09/15 20:55:49.796, 0, 1785 MHz, 2619 MHz, 89.82 W, 0 %, 86691 MiB
2026/09/15 20:55:49.896, 0, 1785 MHz, 2619 MHz, 89.80 W, 0 %, 86691 MiB
2026/09/15 20:55:49.997, 0, 1785 MHz, 2619 MHz, 89.80 W, 0 %, 86691 MiB
2026/09/15 20:55:50.097, 0, 1785 MHz, 2619 MHz, 89.80 W, 0 %, 86691 MiB
2026/09/15 20:55:50.197, 0, 1785 MHz, 2619 MHz, 89.81 W, 0 %, 86691 MiB
2026/09/15 20:55:50.297, 0, 1785 MHz, 2619 MHz, 89.81 W, 0 %, 86691 MiB
2026/09/15 20:55:50.398, 0, 1785 MHz, 2619 MHz, 89.81 W, 0 %, 86691 MiB
2026/09/15 20:55:50.498, 0, 1785 MHz, 2619 MHz, 89.83 W, 0 %, 86691 MiB
2026/09/15 20:55:50.598, 0, 1785 MHz, 2619 MHz, 89.83 W, 0 %, 86691 MiB
2026/09/15 20:55:50.698, 0, 1785 MHz, 2619 MHz, 89.83 W, 0 %, 86691 MiB
2026/09/15 20:55:50.798, 0, 1785 MHz, 2619 MHz, 89.80 W, 0 %, 86691 MiB
2026/09/15 20:55:50.899, 0, 1785 MHz, 2619 MHz, 89.81 W, 0 %, 86691 MiB
2026/09/15 20:55:50.999, 0, 1785 MHz, 2619 MHz, 89.81 W, 0 %, 86691 MiB
2026/09/15 20:55:51.099, 0, 1785 MHz, 2619 MHz, 89.79 W, 0 %, 86691 MiB
2026/09/15 20:55:51.199, 0, 1785 MHz, 2619 MHz, 89.80 W, 0 %, 86691 MiB
2026/09/15 20:55:51.299, 0, 1785 MHz, 2619 MHz, 89.79 W, 0 %, 86691 MiB
2026/09/15 20:55:51.399, 0, 1785 MHz, 2619 MHz, 89.78 W, 0 %, 86691 MiB
2026/09/15 20:55:51.500, 0, 1785 MHz, 2619 MHz, 89.79 W, 0 %, 86691 MiB
2026/09/15 20:55:51.600, 0, 1785 MHz, 2619 MHz, 89.77 W, 0 %, 86691 MiB
2026/09/15 20:55:51.700, 0, 1785 MHz, 2619 MHz, 89.78 W, 0 %, 86691 MiB
2026/09/15 20:55:51.800, 0, 1785 MHz, 2619 MHz, 89.77 W, 0 %, 86691 MiB
2026/09/15 20:55:51.901, 0, 1785 MHz, 2619 MHz, 89.79 W, 0 %, 86691 MiB
2026/09/15 20:55:52.001, 0, 1785 MHz, 2619 MHz, 89.77 W, 0 %, 86691 MiB
2026/09/15 20:55:52.101, 0, 1785 MHz, 2619 MHz, 89.77 W, 0 %, 86691 MiB
2026/09/15 20:55:52.201, 0, 1785 MHz, 2619 MHz, 89.77 W, 0 %, 86691 MiB
2026/09/15 20:55:52.302, 0, 1785 MHz, 2619 MHz, 89.78 W, 0 %, 86691 MiB
2026/09/15 20:55:52.402, 0, 1785 MHz, 2619 MHz, 89.79 W, 0 %, 86691 MiB
2026/09/15 20:55:52.502, 0, 1785 MHz, 2619 MHz, 89.78 W, 0 %, 86691 MiB
2026/09/15 20:55:52.602, 0, 1785 MHz, 2619 MHz, 89.78 W, 0 %, 86691 MiB
2026/09/15 20:55:52.703, 0, 1785 MHz, 2619 MHz, 89.80 W, 0 %, 86691 MiB
2026/09/15 20:55:52.803, 0, 1785 MHz, 2619 MHz, 89.80 W, 0 %, 86691 MiB
2026/09/15 20:55:52.903, 0, 1785 MHz, 2619 MHz, 89.81 W, 0 %, 86691 MiB
2026/09/15 20:55:53.004, 0, 1785 MHz, 2619 MHz, 89.81 W, 0 %, 86691 MiB
2026/09/15 20:55:53.104, 0, 1785 MHz, 2619 MHz, 89.83 W, 0 %, 86691 MiB
2026/09/15 20:55:53.204, 0, 1785 MHz, 2619 MHz, 89.82 W, 0 %, 86691 MiB
2026/09/15 20:55:53.305, 0, 1785 MHz, 2619 MHz, 89.82 W, 0 %, 86691 MiB
2026/09/15 20:55:53.405, 0, 1785 MHz, 2619 MHz, 89.81 W, 0 %, 86691 MiB
2026/09/15 20:55:53.505, 0, 1785 MHz, 2619 MHz, 89.82 W, 0 %, 86691 MiB
2026/09/15 20:55:53.606, 0, 1785 MHz, 2619 MHz, 89.82 W, 0 %, 86691 MiB
2026/09/15 20:55:53.706, 0, 1785 MHz, 2619 MHz, 89.81 W, 0 %, 86691 MiB
2026/09/15 20:55:53.806, 0, 1785 MHz, 2619 MHz, 89.80 W, 0 %, 86691 MiB
2026/09/15 20:55:53.907, 0, 1785 MHz, 2619 MHz, 89.79 W, 0 %, 86691 MiB
2026/09/15 20:55:54.007, 0, 1785 MHz, 2619 MHz, 89.79 W, 0 %, 86691 MiB
2026/09/15 20:55:54.107, 0, 1785 MHz, 2619 MHz, 89.78 W, 0 %, 86691 MiB
2026/09/15 20:55:54.208, 0, 1785 MHz, 2619 MHz, 89.78 W, 0 %, 86691 MiB
2026/09/15 20:55:54.308, 0, 1785 MHz, 2619 MHz, 89.79 W, 0 %, 86691 MiB
2026/09/15 20:55:54.408, 0, 1785 MHz, 2619 MHz, 89.80 W, 0 %, 86691 MiB
2026/09/15 20:55:54.509, 0, 1785 MHz, 2619 MHz, 89.80 W, 0 %, 86691 MiB
2026/09/15 20:55:54.609, 0, 1785 MHz, 2619 MHz, 89.81 W, 0 %, 86691 MiB
2026/09/15 20:55:54.709, 0, 1785 MHz, 2619 MHz, 89.82 W, 0 %, 86691 MiB
2026/09/15 20:55:54.810, 0, 1785 MHz, 2619 MHz, 89.83 W, 0 %, 86691 MiB
2026/09/15 20:55:54.910, 0, 1785 MHz, 2619 MHz, 89.83 W, 0 %, 86691 MiB
2026/09/15 20:55:55.010, 0, 1785 MHz, 2619 MHz, 89.83 W, 0 %, 86691 MiB
2026/09/15 20:55:55.111, 0, 1785 MHz, 2619 MHz, 89.85 W, 0 %, 86691 MiB
2026/09/15 20:55:55.211, 0, 1785 MHz, 2619 MHz, 89.84 W, 0 %, 86691 MiB
2026/09/15 20:55:55.311, 0, 1785 MHz, 2619 MHz, 89.86 W, 0 %, 86691 MiB
2026/09/15 20:55:55.412, 0, 1785 MHz, 2619 MHz, 89.84 W, 0 %, 86691 MiB
2026/09/15 20:55:55.512, 0, 1785 MHz, 2619 MHz, 89.83 W, 0 %, 86691 MiB
2026/09/15 20:55:55.612, 0, 1785 MHz, 2619 MHz, 89.82 W, 0 %, 86691 MiB
2026/09/15 20:55:55.713, 0, 1785 MHz, 2619 MHz, 89.81 W, 0 %, 86691 MiB
2026/09/15 20:55:55.813, 0, 1785 MHz, 2619 MHz, 89.79 W, 0 %, 86691 MiB
2026/09/15 20:55:55.913, 0, 1785 MHz, 2619 MHz, 89.80 W, 0 %, 86691 MiB
2026/09/15 20:55:56.014, 0, 1785 MHz, 2619 MHz, 89.79 W, 0 %, 86691 MiB
2026/09/15 20:55:56.114, 0, 1785 MHz, 2619 MHz, 89.79 W, 0 %, 86691 MiB
2026/09/15 20:55:56.214, 0, 1785 MHz, 2619 MHz, 89.79 W, 0 %, 86691 MiB
2026/09/15 20:55:56.315, 0, 1785 MHz, 2619 MHz, 89.78 W, 0 %, 86691 MiB
2026/09/15 20:55:56.415, 0, 1785 MHz, 2619 MHz, 89.78 W, 0 %, 86691 MiB
2026/09/15 20:55:56.515, 0, 1785 MHz, 2619 MHz, 89.79 W, 0 %, 86691 MiB
2026/09/15 20:55:56.616, 0, 1785 MHz, 2619 MHz, 89.80 W, 0 %, 86691 MiB
2026/09/15 20:55:56.716, 0, 1785 MHz, 2619 MHz, 89.80 W, 0 %, 86691 MiB
2026/09/15 20:55:56.816, 0, 1785 MHz, 2619 MHz, 89.80 W, 0 %, 86691 MiB
2026/09/15 20:55:56.917, 0, 1785 MHz, 2619 MHz, 89.79 W, 0 %, 86691 MiB
2026/09/15 20:55:57.017, 0, 1785 MHz, 2619 MHz, 89.79 W, 0 %, 86691 MiB
2026/09/15 20:55:57.117, 0, 1785 MHz, 2619 MHz, 89.78 W, 0 %, 86691 MiB
2026/09/15 20:55:57.218, 0, 1785 MHz, 2619 MHz, 89.75 W, 0 %, 86691 MiB
2026/09/15 20:55:57.318, 0, 1785 MHz, 2619 MHz, 89.75 W, 0 %, 86691 MiB
2026/09/15 20:55:57.418, 0, 1785 MHz, 2619 MHz, 89.75 W, 0 %, 86691 MiB
2026/09/15 20:55:57.519, 0, 1785 MHz, 2619 MHz, 89.75 W, 0 %, 86691 MiB
2026/09/15 20:55:57.619, 0, 1785 MHz, 2619 MHz, 89.74 W, 0 %, 86691 MiB
2026/09/15 20:55:57.719, 0, 1785 MHz, 2619 MHz, 89.75 W, 0 %, 86691 MiB
2026/09/15 20:55:57.820, 0, 1785 MHz, 2619 MHz, 89.74 W, 0 %, 86691 MiB
2026/09/15 20:55:57.920, 0, 1785 MHz, 2619 MHz, 89.76 W, 0 %, 86691 MiB
2026/09/15 20:55:58.020, 0, 1785 MHz, 2619 MHz, 89.75 W, 0 %, 86691 MiB
2026/09/15 20:55:58.121, 0, 1785 MHz, 2619 MHz, 89.77 W, 0 %, 86691 MiB
2026/09/15 20:55:58.221, 0, 1785 MHz, 2619 MHz, 89.76 W, 0 %, 86691 MiB
2026/09/15 20:55:58.321, 0, 1785 MHz, 2619 MHz, 89.77 W, 0 %, 86691 MiB
2026/09/15 20:55:58.421, 0, 1785 MHz, 2619 MHz, 89.76 W, 0 %, 86691 MiB
2026/09/15 20:55:58.522, 0, 1785 MHz, 2619 MHz, 89.75 W, 0 %, 86691 MiB
2026/09/15 20:55:58.622, 0, 1785 MHz, 2619 MHz, 89.75 W, 0 %, 86691 MiB
2026/09/15 20:55:58.722, 0, 1785 MHz, 2619 MHz, 89.75 W, 0 %, 86691 MiB
2026/09/15 20:55:58.823, 0, 1785 MHz, 2619 MHz, 89.75 W, 0 %, 86691 MiB
2026/09/15 20:55:58.923, 0, 1785 MHz, 2619 MHz, 89.75 W, 0 %, 86691 MiB
2026/09/15 20:55:59.023, 0, 1785 MHz, 2619 MHz, 89.75 W, 0 %, 86691 MiB
2026/09/15 20:55:59.123, 0, 1785 MHz, 2619 MHz, 89.76 W, 0 %, 86691 MiB
2026/09/15 20:55:59.223, 0, 1785 MHz, 2619 MHz, 89.76 W, 0 %, 86691 MiB
2026/09/15 20:55:59.323, 0, 1785 MHz, 2619 MHz, 89.77 W, 0 %, 86691 MiB
2026/09/15 20:55:59.424, 0, 1785 MHz, 2619 MHz, 89.77 W, 0 %, 86691 MiB
2026/09/15 20:55:59.524, 0, 1785 MHz, 2619 MHz, 89.78 W, 0 %, 86691 MiB
2026/09/15 20:55:59.624, 0, 1785 MHz, 2619 MHz, 89.79 W, 0 %, 86691 MiB
2026/09/15 20:55:59.724, 0, 1785 MHz, 2619 MHz, 89.79 W, 0 %, 86691 MiB
2026/09/15 20:55:59.824, 0, 1785 MHz, 2619 MHz, 89.79 W, 0 %, 86691 MiB
2026/09/15 20:55:59.924, 0, 1785 MHz, 2619 MHz, 89.80 W, 0 %, 86691 MiB
2026/09/15 20:56:00.024, 0, 1785 MHz, 2619 MHz, 89.79 W, 0 %, 86691 MiB
2026/09/15 20:56:00.124, 0, 1785 MHz, 2619 MHz, 89.81 W, 0 %, 86691 MiB
2026/09/15 20:56:00.225, 0, 1785 MHz, 2619 MHz, 89.79 W, 0 %, 86691 MiB
2026/09/15 20:56:00.325, 0, 1785 MHz, 2619 MHz, 89.79 W, 0 %, 86691 MiB
2026/09/15 20:56:00.425, 0, 1785 MHz, 2619 MHz, 89.78 W, 0 %, 86691 MiB
2026/09/15 20:56:00.525, 0, 1785 MHz, 2619 MHz, 89.80 W, 0 %, 86691 MiB
2026/09/15 20:56:00.625, 0, 1785 MHz, 2619 MHz, 89.78 W, 0 %, 86691 MiB
2026/09/15 20:56:00.725, 0, 1785 MHz, 2619 MHz, 89.78 W, 0 %, 86691 MiB
2026/09/15 20:56:00.825, 0, 1785 MHz, 2619 MHz, 89.79 W, 0 %, 86691 MiB
2026/09/15 20:56:00.925, 0, 1785 MHz, 2619 MHz, 89.81 W, 0 %, 86691 MiB
2026/09/15 20:56:01.026, 0, 1785 MHz, 2619 MHz, 89.79 W, 0 %, 86691 MiB
2026/09/15 20:56:01.126, 0, 1785 MHz, 2619 MHz, 89.79 W, 0 %, 86691 MiB
2026/09/15 20:56:01.226, 0, 1785 MHz, 2619 MHz, 89.80 W, 0 %, 86691 MiB
2026/09/15 20:56:01.326, 0, 1785 MHz, 2619 MHz, 89.82 W, 0 %, 86691 MiB
2026/09/15 20:56:01.426, 0, 1785 MHz, 2619 MHz, 89.80 W, 0 %, 86691 MiB
2026/09/15 20:56:01.526, 0, 1785 MHz, 2619 MHz, 89.79 W, 0 %, 86691 MiB
2026/09/15 20:56:01.626, 0, 1785 MHz, 2619 MHz, 89.81 W, 0 %, 86691 MiB
2026/09/15 20:56:01.726, 0, 1785 MHz, 2619 MHz, 89.81 W, 0 %, 86691 MiB
2026/09/15 20:56:01.827, 0, 1785 MHz, 2619 MHz, 89.80 W, 0 %, 86691 MiB
2026/09/15 20:56:01.927, 0, 1785 MHz, 2619 MHz, 89.80 W, 0 %, 86691 MiB
2026/09/15 20:56:02.027, 0, 1785 MHz, 2619 MHz, 89.80 W, 0 %, 86691 MiB
2026/09/15 20:56:02.127, 0, 1785 MHz, 2619 MHz, 89.79 W, 0 %, 86691 MiB
2026/09/15 20:56:02.227, 0, 1785 MHz, 2619 MHz, 89.78 W, 0 %, 86691 MiB
2026/09/15 20:56:02.327, 0, 1785 MHz, 2619 MHz, 89.78 W, 0 %, 86691 MiB
2026/09/15 20:56:02.427, 0, 1785 MHz, 2619 MHz, 89.78 W, 0 %, 86691 MiB
2026/09/15 20:56:02.527, 0, 1785 MHz, 2619 MHz, 89.79 W, 0 %, 86691 MiB
2026/09/15 20:56:02.628, 0, 1785 MHz, 2619 MHz, 89.78 W, 0 %, 86691 MiB
2026/09/15 20:56:02.728, 0, 1785 MHz, 2619 MHz, 89.79 W, 0 %, 86691 MiB
2026/09/15 20:56:02.828, 0, 1785 MHz, 2619 MHz, 89.78 W, 0 %, 86691 MiB
2026/09/15 20:56:02.928, 0, 1785 MHz, 2619 MHz, 89.77 W, 0 %, 86691 MiB
2026/09/15 20:56:03.028, 0, 1785 MHz, 2619 MHz, 89.76 W, 0 %, 86691 MiB
2026/09/15 20:56:03.128, 0, 1785 MHz, 2619 MHz, 89.77 W, 0 %, 86691 MiB
2026/09/15 20:56:03.228, 0, 1785 MHz, 2619 MHz, 89.76 W, 0 %, 86691 MiB
2026/09/15 20:56:03.328, 0, 1785 MHz, 2619 MHz, 89.78 W, 0 %, 86691 MiB
2026/09/15 20:56:03.429, 0, 1785 MHz, 2619 MHz, 89.77 W, 0 %, 86691 MiB
2026/09/15 20:56:03.529, 0, 1785 MHz, 2619 MHz, 89.79 W, 0 %, 86691 MiB
2026/09/15 20:56:03.629, 0, 1785 MHz, 2619 MHz, 89.76 W, 0 %, 86691 MiB
2026/09/15 20:56:03.729, 0, 1785 MHz, 2619 MHz, 89.77 W, 0 %, 86691 MiB
2026/09/15 20:56:03.829, 0, 1785 MHz, 2619 MHz, 89.77 W, 0 %, 86691 MiB
2026/09/15 20:56:03.929, 0, 1785 MHz, 2619 MHz, 89.78 W, 0 %, 86691 MiB
2026/09/15 20:56:04.029, 0, 1785 MHz, 2619 MHz, 89.78 W, 0 %, 86691 MiB
2026/09/15 20:56:04.130, 0, 1785 MHz, 2619 MHz, 89.79 W, 0 %, 86691 MiB
2026/09/15 20:56:04.230, 0, 1785 MHz, 2619 MHz, 89.80 W, 0 %, 86691 MiB
2026/09/15 20:56:04.330, 0, 1785 MHz, 2619 MHz, 89.81 W, 0 %, 86691 MiB
2026/09/15 20:56:04.431, 0, 1785 MHz, 2619 MHz, 89.80 W, 0 %, 86691 MiB
2026/09/15 20:56:04.531, 0, 1785 MHz, 2619 MHz, 89.79 W, 0 %, 86691 MiB
2026/09/15 20:56:04.631, 0, 1785 MHz, 2619 MHz, 89.80 W, 0 %, 86691 MiB
2026/09/15 20:56:04.732, 0, 1785 MHz, 2619 MHz, 89.80 W, 0 %, 86691 MiB
2026/09/15 20:56:04.832, 0, 1785 MHz, 2619 MHz, 89.79 W, 0 %, 86691 MiB
2026/09/15 20:56:04.932, 0, 1785 MHz, 2619 MHz, 89.78 W, 0 %, 86691 MiB
2026/09/15 20:56:05.032, 0, 1785 MHz, 2619 MHz, 89.78 W, 0 %, 86691 MiB
2026/09/15 20:56:05.133, 0, 1785 MHz, 2619 MHz, 89.79 W, 0 %, 86691 MiB
2026/09/15 20:56:05.233, 0, 1785 MHz, 2619 MHz, 89.78 W, 0 %, 86691 MiB
2026/09/15 20:56:05.333, 0, 1785 MHz, 2619 MHz, 89.77 W, 0 %, 86691 MiB
2026/09/15 20:56:05.434, 0, 1785 MHz, 2619 MHz, 89.78 W, 0 %, 86691 MiB
2026/09/15 20:56:05.534, 0, 1785 MHz, 2619 MHz, 89.79 W, 0 %, 86691 MiB
2026/09/15 20:56:05.634, 0, 1785 MHz, 2619 MHz, 89.78 W, 0 %, 86691 MiB
2026/09/15 20:56:05.735, 0, 1785 MHz, 2619 MHz, 89.78 W, 0 %, 86691 MiB
2026/09/15 20:56:05.835, 0, 1785 MHz, 2619 MHz, 89.77 W, 0 %, 86691 MiB
2026/09/15 20:56:05.935, 0, 1785 MHz, 2619 MHz, 89.78 W, 0 %, 86691 MiB
2026/09/15 20:56:06.036, 0, 1785 MHz, 2619 MHz, 89.77 W, 0 %, 86691 MiB
2026/09/15 20:56:06.136, 0, 1785 MHz, 2619 MHz, 89.77 W, 0 %, 86691 MiB
2026/09/15 20:56:06.236, 0, 1785 MHz, 2619 MHz, 89.76 W, 0 %, 86691 MiB
2026/09/15 20:56:06.337, 0, 1785 MHz, 2619 MHz, 89.77 W, 0 %, 86691 MiB
2026/09/15 20:56:06.437, 0, 1785 MHz, 2619 MHz, 89.76 W, 0 %, 86691 MiB
2026/09/15 20:56:06.537, 0, 1785 MHz, 2619 MHz, 89.76 W, 0 %, 86691 MiB
2026/09/15 20:56:06.638, 0, 1785 MHz, 2619 MHz, 89.77 W, 0 %, 86691 MiB
2026/09/15 20:56:06.738, 0, 1785 MHz, 2619 MHz, 89.76 W, 0 %, 86691 MiB
2026/09/15 20:56:06.838, 0, 1785 MHz, 2619 MHz, 89.76 W, 0 %, 86691 MiB
2026/09/15 20:56:06.939, 0, 1785 MHz, 2619 MHz, 89.78 W, 0 %, 86691 MiB
2026/09/15 20:56:07.039, 0, 1785 MHz, 2619 MHz, 89.76 W, 0 %, 86691 MiB
2026/09/15 20:56:07.139, 0, 1785 MHz, 2619 MHz, 89.77 W, 0 %, 86691 MiB
2026/09/15 20:56:07.240, 0, 1785 MHz, 2619 MHz, 89.76 W, 0 %, 86691 MiB
2026/09/15 20:56:07.340, 0, 1785 MHz, 2619 MHz, 89.78 W, 0 %, 86691 MiB
2026/09/15 20:56:07.440, 0, 1785 MHz, 2619 MHz, 89.78 W, 0 %, 86691 MiB
2026/09/15 20:56:07.541, 0, 1785 MHz, 2619 MHz, 89.79 W, 0 %, 86691 MiB
2026/09/15 20:56:07.641, 0, 1785 MHz, 2619 MHz, 89.79 W, 0 %, 86691 MiB
2026/09/15 20:56:07.741, 0, 1785 MHz, 2619 MHz, 89.80 W, 0 %, 86691 MiB
2026/09/15 20:56:07.841, 0, 1785 MHz, 2619 MHz, 89.80 W, 0 %, 86691 MiB
2026/09/15 20:56:07.942, 0, 1785 MHz, 2619 MHz, 89.81 W, 0 %, 86691 MiB
2026/09/15 20:56:08.042, 0, 1785 MHz, 2619 MHz, 89.82 W, 0 %, 86691 MiB
2026/09/15 20:56:08.142, 0, 1785 MHz, 2619 MHz, 89.82 W, 0 %, 86691 MiB
2026/09/15 20:56:08.243, 0, 1785 MHz, 2619 MHz, 89.83 W, 0 %, 86691 MiB
2026/09/15 20:56:08.343, 0, 1785 MHz, 2619 MHz, 89.82 W, 0 %, 86691 MiB
2026/09/15 20:56:08.443, 0, 1785 MHz, 2619 MHz, 89.82 W, 0 %, 86691 MiB
2026/09/15 20:56:08.544, 0, 1785 MHz, 2619 MHz, 89.82 W, 0 %, 86691 MiB
2026/09/15 20:56:08.644, 0, 1785 MHz, 2619 MHz, 89.82 W, 0 %, 86691 MiB
2026/09/15 20:56:08.744, 0, 1785 MHz, 2619 MHz, 89.83 W, 0 %, 86691 MiB
2026/09/15 20:56:08.845, 0, 1785 MHz, 2619 MHz, 89.80 W, 0 %, 86691 MiB
2026/09/15 20:56:08.945, 0, 1785 MHz, 2619 MHz, 89.79 W, 0 %, 86691 MiB
2026/09/15 20:56:09.045, 0, 1785 MHz, 2619 MHz, 89.78 W, 0 %, 86691 MiB
2026/09/15 20:56:09.146, 0, 1785 MHz, 2619 MHz, 89.78 W, 0 %, 86691 MiB
2026/09/15 20:56:09.246, 0, 1785 MHz, 2619 MHz, 89.78 W, 0 %, 86691 MiB
2026/09/15 20:56:09.346, 0, 1785 MHz, 2619 MHz, 89.79 W, 0 %, 86691 MiB
2026/09/15 20:56:09.447, 0, 1785 MHz, 2619 MHz, 89.79 W, 0 %, 86691 MiB
2026/09/15 20:56:09.547, 0, 1785 MHz, 2619 MHz, 89.79 W, 0 %, 86691 MiB
2026/09/15 20:56:09.647, 0, 1785 MHz, 2619 MHz, 89.79 W, 0 %, 86691 MiB
2026/09/15 20:56:09.748, 0, 1785 MHz, 2619 MHz, 89.79 W, 0 %, 86691 MiB
2026/09/15 20:56:09.848, 0, 1785 MHz, 2619 MHz, 89.80 W, 0 %, 86691 MiB
2026/09/15 20:56:09.948, 0, 1785 MHz, 2619 MHz, 89.80 W, 0 %, 86691 MiB
2026/09/15 20:56:10.049, 0, 1785 MHz, 2619 MHz, 89.81 W, 0 %, 86691 MiB
2026/09/15 20:56:10.149, 0, 1785 MHz, 2619 MHz, 89.80 W, 0 %, 86691 MiB
2026/09/15 20:56:10.249, 0, 1785 MHz, 2619 MHz, 89.79 W, 0 %, 86691 MiB
2026/09/15 20:56:10.349, 0, 1785 MHz, 2619 MHz, 89.79 W, 0 %, 86691 MiB
2026/09/15 20:56:10.450, 0, 1785 MHz, 2619 MHz, 89.78 W, 0 %, 86691 MiB
2026/09/15 20:56:10.550, 0, 1785 MHz, 2619 MHz, 89.78 W, 0 %, 86691 MiB
2026/09/15 20:56:10.650, 0, 1785 MHz, 2619 MHz, 89.76 W, 0 %, 86691 MiB
2026/09/15 20:56:10.751, 0, 1785 MHz, 2619 MHz, 89.78 W, 0 %, 86691 MiB
2026/09/15 20:56:10.851, 0, 1785 MHz, 2619 MHz, 89.77 W, 0 %, 86691 MiB
2026/09/15 20:56:10.951, 0, 1785 MHz, 2619 MHz, 89.76 W, 0 %, 86691 MiB
2026/09/15 20:56:11.052, 0, 1785 MHz, 2619 MHz, 89.72 W, 0 %, 86691 MiB
2026/09/15 20:56:11.152, 0, 1785 MHz, 2619 MHz, 89.69 W, 0 %, 86691 MiB
2026/09/15 20:56:11.252, 0, 1785 MHz, 2619 MHz, 89.67 W, 0 %, 86691 MiB
2026/09/15 20:56:11.353, 0, 1785 MHz, 2619 MHz, 89.67 W, 0 %, 86691 MiB
2026/09/15 20:56:11.453, 0, 1785 MHz, 2619 MHz, 89.65 W, 0 %, 86691 MiB
2026/09/15 20:56:11.553, 0, 1785 MHz, 2619 MHz, 89.66 W, 0 %, 86691 MiB
2026/09/15 20:56:11.654, 0, 1785 MHz, 2619 MHz, 89.66 W, 0 %, 86691 MiB
2026/09/15 20:56:11.754, 0, 1785 MHz, 2619 MHz, 89.65 W, 0 %, 86691 MiB
2026/09/15 20:56:11.854, 0, 1785 MHz, 2619 MHz, 89.65 W, 0 %, 86691 MiB
2026/09/15 20:56:11.955, 0, 1785 MHz, 2619 MHz, 89.68 W, 0 %, 86691 MiB
2026/09/15 20:56:12.055, 0, 1785 MHz, 2619 MHz, 89.70 W, 0 %, 86691 MiB
2026/09/15 20:56:12.155, 0, 1785 MHz, 2619 MHz, 89.72 W, 0 %, 86691 MiB
2026/09/15 20:56:12.256, 0, 1785 MHz, 2619 MHz, 89.74 W, 0 %, 86691 MiB
2026/09/15 20:56:12.356, 0, 1785 MHz, 2619 MHz, 89.73 W, 0 %, 86691 MiB
2026/09/15 20:56:12.456, 0, 1785 MHz, 2619 MHz, 89.75 W, 0 %, 86691 MiB
2026/09/15 20:56:12.557, 0, 1785 MHz, 2619 MHz, 89.76 W, 0 %, 86691 MiB
2026/09/15 20:56:12.657, 0, 1785 MHz, 2619 MHz, 89.74 W, 0 %, 86691 MiB
2026/09/15 20:56:12.757, 0, 1785 MHz, 2619 MHz, 89.75 W, 0 %, 86691 MiB
2026/09/15 20:56:12.858, 0, 1785 MHz, 2619 MHz, 89.75 W, 0 %, 86691 MiB
2026/09/15 20:56:12.958, 0, 1785 MHz, 2619 MHz, 89.76 W, 0 %, 86691 MiB
2026/09/15 20:56:13.058, 0, 1785 MHz, 2619 MHz, 89.77 W, 0 %, 86691 MiB
2026/09/15 20:56:13.159, 0, 1785 MHz, 2619 MHz, 89.78 W, 0 %, 86691 MiB
2026/09/15 20:56:13.259, 0, 1785 MHz, 2619 MHz, 89.78 W, 0 %, 86691 MiB
2026/09/15 20:56:13.359, 0, 1785 MHz, 2619 MHz, 89.80 W, 0 %, 86691 MiB
2026/09/15 20:56:13.460, 0, 1785 MHz, 2619 MHz, 89.78 W, 0 %, 86691 MiB
2026/09/15 20:56:13.560, 0, 1785 MHz, 2619 MHz, 89.79 W, 0 %, 86691 MiB
2026/09/15 20:56:13.660, 0, 1785 MHz, 2619 MHz, 89.79 W, 0 %, 86691 MiB
2026/09/15 20:56:13.761, 0, 1785 MHz, 2619 MHz, 89.80 W, 0 %, 86691 MiB
2026/09/15 20:56:13.861, 0, 1785 MHz, 2619 MHz, 89.80 W, 0 %, 86691 MiB
2026/09/15 20:56:13.961, 0, 1785 MHz, 2619 MHz, 89.78 W, 0 %, 86691 MiB
2026/09/15 20:56:14.062, 0, 1785 MHz, 2619 MHz, 89.76 W, 0 %, 86691 MiB
2026/09/15 20:56:14.162, 0, 1785 MHz, 2619 MHz, 89.77 W, 0 %, 86691 MiB
2026/09/15 20:56:14.262, 0, 1785 MHz, 2619 MHz, 89.76 W, 0 %, 86691 MiB
2026/09/15 20:56:14.363, 0, 1785 MHz, 2619 MHz, 89.77 W, 0 %, 86691 MiB
2026/09/15 20:56:14.463, 0, 1785 MHz, 2619 MHz, 89.77 W, 0 %, 86691 MiB
2026/09/15 20:56:14.563, 0, 1785 MHz, 2619 MHz, 89.76 W, 0 %, 86691 MiB
2026/09/15 20:56:14.664, 0, 1785 MHz, 2619 MHz, 89.76 W, 0 %, 86691 MiB
2026/09/15 20:56:14.764, 0, 1785 MHz, 2619 MHz, 89.75 W, 0 %, 86691 MiB
2026/09/15 20:56:14.864, 0, 1785 MHz, 2619 MHz, 89.76 W, 0 %, 86691 MiB
2026/09/15 20:56:14.965, 0, 1785 MHz, 2619 MHz, 89.80 W, 0 %, 86691 MiB
2026/09/15 20:56:15.065, 0, 1785 MHz, 2619 MHz, 89.80 W, 0 %, 86691 MiB
2026/09/15 20:56:15.165, 0, 1785 MHz, 2619 MHz, 89.78 W, 0 %, 86691 MiB
2026/09/15 20:56:15.266, 0, 1785 MHz, 2619 MHz, 89.78 W, 0 %, 86691 MiB
2026/09/15 20:56:15.366, 0, 1785 MHz, 2619 MHz, 89.79 W, 0 %, 86691 MiB
2026/09/15 20:56:15.467, 0, 1785 MHz, 2619 MHz, 89.80 W, 0 %, 86691 MiB
2026/09/15 20:56:15.567, 0, 1785 MHz, 2619 MHz, 89.80 W, 0 %, 86691 MiB
2026/09/15 20:56:15.667, 0, 1785 MHz, 2619 MHz, 89.80 W, 0 %, 86691 MiB
2026/09/15 20:56:15.768, 0, 1785 MHz, 2619 MHz, 89.79 W, 0 %, 86691 MiB
2026/09/15 20:56:15.868, 0, 1785 MHz, 2619 MHz, 89.82 W, 0 %, 86691 MiB
2026/09/15 20:56:15.968, 0, 1785 MHz, 2619 MHz, 89.79 W, 0 %, 86691 MiB
2026/09/15 20:56:16.068, 0, 1785 MHz, 2619 MHz, 89.79 W, 0 %, 86691 MiB
2026/09/15 20:56:16.169, 0, 1785 MHz, 2619 MHz, 89.81 W, 0 %, 86691 MiB
2026/09/15 20:56:16.269, 0, 1785 MHz, 2619 MHz, 89.81 W, 0 %, 86691 MiB
2026/09/15 20:56:16.369, 0, 1785 MHz, 2619 MHz, 89.79 W, 0 %, 86691 MiB
2026/09/15 20:56:16.470, 0, 1785 MHz, 2619 MHz, 89.78 W, 0 %, 86691 MiB
2026/09/15 20:56:16.570, 0, 1785 MHz, 2619 MHz, 89.78 W, 0 %, 86691 MiB
2026/09/15 20:56:16.670, 0, 1785 MHz, 2619 MHz, 89.79 W, 0 %, 86691 MiB
2026/09/15 20:56:16.771, 0, 1785 MHz, 2619 MHz, 89.78 W, 0 %, 86691 MiB
2026/09/15 20:56:16.871, 0, 1785 MHz, 2619 MHz, 89.79 W, 0 %, 86691 MiB
2026/09/15 20:56:16.971, 0, 1785 MHz, 2619 MHz, 89.78 W, 0 %, 86691 MiB
2026/09/15 20:56:17.071, 0, 1785 MHz, 2619 MHz, 89.78 W, 0 %, 86691 MiB
2026/09/15 20:56:17.172, 0, 1785 MHz, 2619 MHz, 89.77 W, 0 %, 86691 MiB
2026/09/15 20:56:17.272, 0, 1785 MHz, 2619 MHz, 89.78 W, 0 %, 86691 MiB
2026/09/15 20:56:17.372, 0, 1785 MHz, 2619 MHz, 89.77 W, 0 %, 86691 MiB
2026/09/15 20:56:17.473, 0, 1785 MHz, 2619 MHz, 89.78 W, 0 %, 86691 MiB
2026/09/15 20:56:17.573, 0, 1785 MHz, 2619 MHz, 89.77 W, 0 %, 86691 MiB
2026/09/15 20:56:17.673, 0, 1785 MHz, 2619 MHz, 89.78 W, 0 %, 86691 MiB
2026/09/15 20:56:17.774, 0, 1785 MHz, 2619 MHz, 89.78 W, 0 %, 86691 MiB
2026/09/15 20:56:17.874, 0, 1785 MHz, 2619 MHz, 89.78 W, 0 %, 86691 MiB
2026/09/15 20:56:17.974, 0, 1785 MHz, 2619 MHz, 89.78 W, 0 %, 86691 MiB
2026/09/15 20:56:18.075, 0, 1785 MHz, 2619 MHz, 89.79 W, 0 %, 86691 MiB
2026/09/15 20:56:18.175, 0, 1785 MHz, 2619 MHz, 89.79 W, 0 %, 86691 MiB
2026/09/15 20:56:18.275, 0, 1785 MHz, 2619 MHz, 89.80 W, 0 %, 86691 MiB
2026/09/15 20:56:18.375, 0, 1785 MHz, 2619 MHz, 89.80 W, 0 %, 86691 MiB
2026/09/15 20:56:18.476, 0, 1785 MHz, 2619 MHz, 89.81 W, 0 %, 86691 MiB
2026/09/15 20:56:18.576, 0, 1785 MHz, 2619 MHz, 89.79 W, 0 %, 86691 MiB
2026/09/15 20:56:18.676, 0, 1785 MHz, 2619 MHz, 89.79 W, 0 %, 86691 MiB
2026/09/15 20:56:18.777, 0, 1785 MHz, 2619 MHz, 89.79 W, 0 %, 86691 MiB
2026/09/15 20:56:18.877, 0, 1785 MHz, 2619 MHz, 89.78 W, 0 %, 86691 MiB
2026/09/15 20:56:18.977, 0, 1785 MHz, 2619 MHz, 89.78 W, 0 %, 86691 MiB
2026/09/15 20:56:19.078, 0, 1785 MHz, 2619 MHz, 89.77 W, 0 %, 86691 MiB
2026/09/15 20:56:19.178, 0, 1785 MHz, 2619 MHz, 89.77 W, 0 %, 86691 MiB
2026/09/15 20:56:19.278, 0, 1785 MHz, 2619 MHz, 89.79 W, 0 %, 86691 MiB
2026/09/15 20:56:19.378, 0, 1785 MHz, 2619 MHz, 89.77 W, 0 %, 86691 MiB
2026/09/15 20:56:19.479, 0, 1785 MHz, 2619 MHz, 89.77 W, 0 %, 86691 MiB
2026/09/15 20:56:19.579, 0, 1785 MHz, 2619 MHz, 89.77 W, 0 %, 86691 MiB
2026/09/15 20:56:19.679, 0, 1785 MHz, 2619 MHz, 89.76 W, 0 %, 86691 MiB
2026/09/15 20:56:19.780, 0, 1785 MHz, 2619 MHz, 89.75 W, 0 %, 86691 MiB
2026/09/15 20:56:19.880, 0, 1785 MHz, 2619 MHz, 89.76 W, 0 %, 86691 MiB
2026/09/15 20:56:19.980, 0, 1785 MHz, 2619 MHz, 89.75 W, 0 %, 86691 MiB
2026/09/15 20:56:20.080, 0, 1785 MHz, 2619 MHz, 89.77 W, 0 %, 86691 MiB
2026/09/15 20:56:20.181, 0, 1785 MHz, 2619 MHz, 89.75 W, 0 %, 86691 MiB
2026/09/15 20:56:20.281, 0, 1785 MHz, 2619 MHz, 89.75 W, 0 %, 86691 MiB
2026/09/15 20:56:20.381, 0, 1785 MHz, 2619 MHz, 89.75 W, 0 %, 86691 MiB
2026/09/15 20:56:20.482, 0, 1785 MHz, 2619 MHz, 89.78 W, 0 %, 86691 MiB
2026/09/15 20:56:20.582, 0, 1785 MHz, 2619 MHz, 89.78 W, 0 %, 86691 MiB
2026/09/15 20:56:20.682, 0, 1785 MHz, 2619 MHz, 89.79 W, 0 %, 86691 MiB
2026/09/15 20:56:20.783, 0, 1785 MHz, 2619 MHz, 89.79 W, 0 %, 86691 MiB
2026/09/15 20:56:20.883, 0, 1785 MHz, 2619 MHz, 89.79 W, 0 %, 86691 MiB
2026/09/15 20:56:21.024, 0, 1785 MHz, 2619 MHz, 89.79 W, 0 %, 86691 MiB
2026/09/15 20:56:21.124, 0, 1785 MHz, 2619 MHz, 89.79 W, 0 %, 86691 MiB
2026/09/15 20:56:21.224, 0, 1785 MHz, 2619 MHz, 89.78 W, 0 %, 86691 MiB
2026/09/15 20:56:21.325, 0, 1785 MHz, 2619 MHz, 89.78 W, 0 %, 86691 MiB
2026/09/15 20:56:21.425, 0, 1785 MHz, 2619 MHz, 89.77 W, 0 %, 86691 MiB
2026/09/15 20:56:21.525, 0, 1785 MHz, 2619 MHz, 89.78 W, 0 %, 86691 MiB
2026/09/15 20:56:21.626, 0, 1785 MHz, 2619 MHz, 89.77 W, 0 %, 86691 MiB
2026/09/15 20:56:21.726, 0, 1785 MHz, 2619 MHz, 89.78 W, 0 %, 86691 MiB
2026/09/15 20:56:21.826, 0, 1785 MHz, 2619 MHz, 89.78 W, 0 %, 86691 MiB
2026/09/15 20:56:21.927, 0, 1785 MHz, 2619 MHz, 89.79 W, 0 %, 86691 MiB
2026/09/15 20:56:22.027, 0, 1785 MHz, 2619 MHz, 89.78 W, 0 %, 86691 MiB
2026/09/15 20:56:22.127, 0, 1785 MHz, 2619 MHz, 89.78 W, 0 %, 86691 MiB
2026/09/15 20:56:22.227, 0, 1785 MHz, 2619 MHz, 89.78 W, 0 %, 86691 MiB
2026/09/15 20:56:22.327, 0, 1785 MHz, 2619 MHz, 89.78 W, 0 %, 86691 MiB
2026/09/15 20:56:22.427, 0, 1785 MHz, 2619 MHz, 89.78 W, 0 %, 86691 MiB
2026/09/15 20:56:22.527, 0, 1785 MHz, 2619 MHz, 89.77 W, 0 %, 86691 MiB
2026/09/15 20:56:22.627, 0, 1785 MHz, 2619 MHz, 89.77 W, 0 %, 86691 MiB
2026/09/15 20:56:22.728, 0, 1785 MHz, 2619 MHz, 89.77 W, 0 %, 86691 MiB
2026/09/15 20:56:22.828, 0, 1785 MHz, 2619 MHz, 89.75 W, 0 %, 86691 MiB
2026/09/15 20:56:22.928, 0, 1785 MHz, 2619 MHz, 89.76 W, 0 %, 86691 MiB
2026/09/15 20:56:23.029, 0, 1785 MHz, 2619 MHz, 89.76 W, 0 %, 86691 MiB
2026/09/15 20:56:23.129, 0, 1785 MHz, 2619 MHz, 89.77 W, 0 %, 86691 MiB
2026/09/15 20:56:23.229, 0, 1785 MHz, 2619 MHz, 89.78 W, 0 %, 86691 MiB
2026/09/15 20:56:23.330, 0, 1785 MHz, 2619 MHz, 89.78 W, 0 %, 86691 MiB
2026/09/15 20:56:23.430, 0, 1785 MHz, 2619 MHz, 89.78 W, 0 %, 86691 MiB
2026/09/15 20:56:23.530, 0, 1785 MHz, 2619 MHz, 89.79 W, 0 %, 86691 MiB
2026/09/15 20:56:23.631, 0, 1785 MHz, 2619 MHz, 89.79 W, 0 %, 86691 MiB
2026/09/15 20:56:23.731, 0, 1785 MHz, 2619 MHz, 89.80 W, 0 %, 86691 MiB
2026/09/15 20:56:23.831, 0, 1785 MHz, 2619 MHz, 89.80 W, 0 %, 86691 MiB
2026/09/15 20:56:23.932, 0, 1785 MHz, 2619 MHz, 89.79 W, 0 %, 86691 MiB
2026/09/15 20:56:24.032, 0, 1785 MHz, 2619 MHz, 89.78 W, 0 %, 86691 MiB
2026/09/15 20:56:24.132, 0, 1785 MHz, 2619 MHz, 89.78 W, 0 %, 86691 MiB
2026/09/15 20:56:24.233, 0, 1785 MHz, 2619 MHz, 89.78 W, 0 %, 86691 MiB
2026/09/15 20:56:24.333, 0, 1785 MHz, 2619 MHz, 89.79 W, 0 %, 86691 MiB
2026/09/15 20:56:24.433, 0, 1785 MHz, 2619 MHz, 89.78 W, 0 %, 86691 MiB
2026/09/15 20:56:24.534, 0, 1785 MHz, 2619 MHz, 89.79 W, 0 %, 86691 MiB
2026/09/15 20:56:24.634, 0, 1785 MHz, 2619 MHz, 89.79 W, 0 %, 86691 MiB
2026/09/15 20:56:24.734, 0, 1785 MHz, 2619 MHz, 89.79 W, 0 %, 86691 MiB
2026/09/15 20:56:24.835, 0, 1785 MHz, 2619 MHz, 89.79 W, 0 %, 86691 MiB
2026/09/15 20:56:24.935, 0, 1785 MHz, 2619 MHz, 89.81 W, 0 %, 86691 MiB
2026/09/15 20:56:25.035, 0, 1785 MHz, 2619 MHz, 89.81 W, 0 %, 86691 MiB
2026/09/15 20:56:25.136, 0, 1785 MHz, 2619 MHz, 89.81 W, 0 %, 86691 MiB
2026/09/15 20:56:25.236, 0, 1785 MHz, 2619 MHz, 89.81 W, 0 %, 86691 MiB
2026/09/15 20:56:25.336, 0, 1785 MHz, 2619 MHz, 89.82 W, 0 %, 86691 MiB
2026/09/15 20:56:25.436, 0, 1785 MHz, 2619 MHz, 89.81 W, 0 %, 86691 MiB
2026/09/15 20:56:25.537, 0, 1785 MHz, 2619 MHz, 89.81 W, 0 %, 86691 MiB
2026/09/15 20:56:25.637, 0, 1785 MHz, 2619 MHz, 89.80 W, 0 %, 86691 MiB
2026/09/15 20:56:25.737, 0, 1785 MHz, 2619 MHz, 89.82 W, 0 %, 86691 MiB
2026/09/15 20:56:25.838, 0, 1785 MHz, 2619 MHz, 89.81 W, 0 %, 86691 MiB
2026/09/15 20:56:25.938, 0, 1785 MHz, 2619 MHz, 89.82 W, 0 %, 86691 MiB
2026/09/15 20:56:26.038, 0, 1785 MHz, 2619 MHz, 89.80 W, 0 %, 86691 MiB
2026/09/15 20:56:26.139, 0, 1785 MHz, 2619 MHz, 89.81 W, 0 %, 86691 MiB
2026/09/15 20:56:26.239, 0, 1785 MHz, 2619 MHz, 89.81 W, 0 %, 86691 MiB
2026/09/15 20:56:26.339, 0, 1785 MHz, 2619 MHz, 89.80 W, 0 %, 86691 MiB
2026/09/15 20:56:26.440, 0, 1785 MHz, 2619 MHz, 89.80 W, 0 %, 86691 MiB
2026/09/15 20:56:26.540, 0, 1785 MHz, 2619 MHz, 89.80 W, 0 %, 86691 MiB
2026/09/15 20:56:26.640, 0, 1785 MHz, 2619 MHz, 89.81 W, 0 %, 86691 MiB
2026/09/15 20:56:26.741, 0, 1785 MHz, 2619 MHz, 89.79 W, 0 %, 86691 MiB
2026/09/15 20:56:26.841, 0, 1785 MHz, 2619 MHz, 89.78 W, 0 %, 86691 MiB
2026/09/15 20:56:26.941, 0, 1785 MHz, 2619 MHz, 89.78 W, 0 %, 86691 MiB
2026/09/15 20:56:27.042, 0, 1785 MHz, 2619 MHz, 89.78 W, 0 %, 86691 MiB
2026/09/15 20:56:27.142, 0, 1785 MHz, 2619 MHz, 89.78 W, 0 %, 86691 MiB
2026/09/15 20:56:27.242, 0, 1785 MHz, 2619 MHz, 89.76 W, 0 %, 86691 MiB
2026/09/15 20:56:27.343, 0, 1785 MHz, 2619 MHz, 89.77 W, 0 %, 86691 MiB
2026/09/15 20:56:27.443, 0, 1785 MHz, 2619 MHz, 89.77 W, 0 %, 86691 MiB
2026/09/15 20:56:27.543, 0, 1785 MHz, 2619 MHz, 89.77 W, 0 %, 86691 MiB
2026/09/15 20:56:27.643, 0, 1785 MHz, 2619 MHz, 89.75 W, 0 %, 86691 MiB
2026/09/15 20:56:27.744, 0, 1785 MHz, 2619 MHz, 89.75 W, 0 %, 86691 MiB
2026/09/15 20:56:27.844, 0, 1785 MHz, 2619 MHz, 89.75 W, 0 %, 86691 MiB
2026/09/15 20:56:27.944, 0, 1785 MHz, 2619 MHz, 89.75 W, 0 %, 86691 MiB
2026/09/15 20:56:28.045, 0, 1785 MHz, 2619 MHz, 89.75 W, 0 %, 86691 MiB
2026/09/15 20:56:28.145, 0, 1785 MHz, 2619 MHz, 89.78 W, 0 %, 86691 MiB
2026/09/15 20:56:28.245, 0, 1785 MHz, 2619 MHz, 89.78 W, 0 %, 86691 MiB
2026/09/15 20:56:28.345, 0, 1785 MHz, 2619 MHz, 89.78 W, 0 %, 86691 MiB
2026/09/15 20:56:28.446, 0, 1785 MHz, 2619 MHz, 89.76 W, 0 %, 86691 MiB
2026/09/15 20:56:28.546, 0, 1785 MHz, 2619 MHz, 89.77 W, 0 %, 86691 MiB
2026/09/15 20:56:28.646, 0, 1785 MHz, 2619 MHz, 89.78 W, 0 %, 86691 MiB
2026/09/15 20:56:28.747, 0, 1785 MHz, 2619 MHz, 89.79 W, 0 %, 86691 MiB
2026/09/15 20:56:28.847, 0, 1785 MHz, 2619 MHz, 89.78 W, 0 %, 86691 MiB
2026/09/15 20:56:28.947, 0, 1785 MHz, 2619 MHz, 89.78 W, 0 %, 86691 MiB
2026/09/15 20:56:29.048, 0, 1785 MHz, 2619 MHz, 89.76 W, 0 %, 86691 MiB
2026/09/15 20:56:29.148, 0, 1785 MHz, 2619 MHz, 89.76 W, 0 %, 86691 MiB
2026/09/15 20:56:29.248, 0, 1785 MHz, 2619 MHz, 89.77 W, 0 %, 86691 MiB
2026/09/15 20:56:29.349, 0, 1785 MHz, 2619 MHz, 89.77 W, 0 %, 86691 MiB
2026/09/15 20:56:29.449, 0, 1785 MHz, 2619 MHz, 89.77 W, 0 %, 86691 MiB
2026/09/15 20:56:29.549, 0, 1785 MHz, 2619 MHz, 89.77 W, 0 %, 86691 MiB
2026/09/15 20:56:29.650, 0, 1785 MHz, 2619 MHz, 89.78 W, 0 %, 86691 MiB
2026/09/15 20:56:29.750, 0, 1785 MHz, 2619 MHz, 89.78 W, 0 %, 86691 MiB
2026/09/15 20:56:29.850, 0, 1785 MHz, 2619 MHz, 89.79 W, 0 %, 86691 MiB
2026/09/15 20:56:29.950, 0, 1785 MHz, 2619 MHz, 89.79 W, 0 %, 86691 MiB
2026/09/15 20:56:30.051, 0, 1785 MHz, 2619 MHz, 89.79 W, 0 %, 86691 MiB
2026/09/15 20:56:30.151, 0, 1785 MHz, 2619 MHz, 89.80 W, 0 %, 86691 MiB
2026/09/15 20:56:30.251, 0, 1785 MHz, 2619 MHz, 89.78 W, 0 %, 86691 MiB
2026/09/15 20:56:30.352, 0, 1785 MHz, 2619 MHz, 89.79 W, 0 %, 86691 MiB
2026/09/15 20:56:30.452, 0, 1785 MHz, 2619 MHz, 89.79 W, 0 %, 86691 MiB
2026/09/15 20:56:30.552, 0, 1785 MHz, 2619 MHz, 89.79 W, 0 %, 86691 MiB
2026/09/15 20:56:30.653, 0, 1785 MHz, 2619 MHz, 89.77 W, 0 %, 86691 MiB
2026/09/15 20:56:30.753, 0, 1785 MHz, 2619 MHz, 89.77 W, 0 %, 86691 MiB
2026/09/15 20:56:30.853, 0, 1785 MHz, 2619 MHz, 89.76 W, 0 %, 86691 MiB
2026/09/15 20:56:30.954, 0, 1785 MHz, 2619 MHz, 89.78 W, 0 %, 86691 MiB
2026/09/15 20:56:31.054, 0, 1785 MHz, 2619 MHz, 89.76 W, 0 %, 86691 MiB
2026/09/15 20:56:31.154, 0, 1785 MHz, 2619 MHz, 89.76 W, 0 %, 86691 MiB
2026/09/15 20:56:31.255, 0, 1785 MHz, 2619 MHz, 89.76 W, 0 %, 86691 MiB
2026/09/15 20:56:31.355, 0, 1785 MHz, 2619 MHz, 89.75 W, 0 %, 86691 MiB
2026/09/15 20:56:31.455, 0, 1785 MHz, 2619 MHz, 89.74 W, 0 %, 86691 MiB
2026/09/15 20:56:31.556, 0, 1785 MHz, 2619 MHz, 89.75 W, 0 %, 86691 MiB
2026/09/15 20:56:31.656, 0, 1785 MHz, 2619 MHz, 89.76 W, 0 %, 86691 MiB
2026/09/15 20:56:31.756, 0, 1785 MHz, 2619 MHz, 89.77 W, 0 %, 86691 MiB
2026/09/15 20:56:31.868, 0, 1785 MHz, 2619 MHz, 89.77 W, 0 %, 86691 MiB
2026/09/15 20:56:31.968, 0, 1785 MHz, 2619 MHz, 89.79 W, 0 %, 86691 MiB
2026/09/15 20:56:32.069, 0, 1785 MHz, 2619 MHz, 89.79 W, 0 %, 86691 MiB
2026/09/15 20:56:32.169, 0, 1785 MHz, 2619 MHz, 89.80 W, 0 %, 86691 MiB
2026/09/15 20:56:32.269, 0, 1785 MHz, 2619 MHz, 89.81 W, 0 %, 86691 MiB
2026/09/15 20:56:32.370, 0, 1785 MHz, 2619 MHz, 89.80 W, 0 %, 86691 MiB
2026/09/15 20:56:32.470, 0, 1785 MHz, 2619 MHz, 89.81 W, 0 %, 86691 MiB
2026/09/15 20:56:32.570, 0, 1785 MHz, 2619 MHz, 89.81 W, 0 %, 86691 MiB
2026/09/15 20:56:32.671, 0, 1785 MHz, 2619 MHz, 89.81 W, 0 %, 86691 MiB
2026/09/15 20:56:32.771, 0, 1785 MHz, 2619 MHz, 89.80 W, 0 %, 86691 MiB
2026/09/15 20:56:32.871, 0, 1785 MHz, 2619 MHz, 89.81 W, 0 %, 86691 MiB
2026/09/15 20:56:32.971, 0, 1785 MHz, 2619 MHz, 89.81 W, 0 %, 86691 MiB
2026/09/15 20:56:33.072, 0, 1785 MHz, 2619 MHz, 89.83 W, 0 %, 86691 MiB
2026/09/15 20:56:33.172, 0, 1785 MHz, 2619 MHz, 89.82 W, 0 %, 86691 MiB
2026/09/15 20:56:33.272, 0, 1785 MHz, 2619 MHz, 89.83 W, 0 %, 86691 MiB
2026/09/15 20:56:33.373, 0, 1785 MHz, 2619 MHz, 89.83 W, 0 %, 86691 MiB
2026/09/15 20:56:33.473, 0, 1785 MHz, 2619 MHz, 89.84 W, 0 %, 86691 MiB
2026/09/15 20:56:33.573, 0, 1785 MHz, 2619 MHz, 89.84 W, 0 %, 86691 MiB
2026/09/15 20:56:33.674, 0, 1785 MHz, 2619 MHz, 89.85 W, 0 %, 86691 MiB
2026/09/15 20:56:33.774, 0, 1785 MHz, 2619 MHz, 89.84 W, 0 %, 86691 MiB
2026/09/15 20:56:33.874, 0, 1785 MHz, 2619 MHz, 89.84 W, 0 %, 86691 MiB
2026/09/15 20:56:33.974, 0, 1785 MHz, 2619 MHz, 89.83 W, 0 %, 86691 MiB
2026/09/15 20:56:34.075, 0, 1785 MHz, 2619 MHz, 89.82 W, 0 %, 86691 MiB
2026/09/15 20:56:34.175, 0, 1785 MHz, 2619 MHz, 89.81 W, 0 %, 86691 MiB
2026/09/15 20:56:34.275, 0, 1785 MHz, 2619 MHz, 89.82 W, 0 %, 86691 MiB
2026/09/15 20:56:34.376, 0, 1785 MHz, 2619 MHz, 89.81 W, 0 %, 86691 MiB
2026/09/15 20:56:34.476, 0, 1785 MHz, 2619 MHz, 89.80 W, 0 %, 86691 MiB
2026/09/15 20:56:34.576, 0, 1785 MHz, 2619 MHz, 89.80 W, 0 %, 86691 MiB
2026/09/15 20:56:34.677, 0, 1785 MHz, 2619 MHz, 89.79 W, 0 %, 86691 MiB
2026/09/15 20:56:34.777, 0, 1785 MHz, 2619 MHz, 89.78 W, 0 %, 86691 MiB
2026/09/15 20:56:34.877, 0, 1785 MHz, 2619 MHz, 89.77 W, 0 %, 86691 MiB
2026/09/15 20:56:34.978, 0, 1785 MHz, 2619 MHz, 89.76 W, 0 %, 86691 MiB
2026/09/15 20:56:35.078, 0, 1785 MHz, 2619 MHz, 89.77 W, 0 %, 86691 MiB
2026/09/15 20:56:35.178, 0, 1785 MHz, 2619 MHz, 89.76 W, 0 %, 86691 MiB
2026/09/15 20:56:35.279, 0, 1785 MHz, 2619 MHz, 89.76 W, 0 %, 86691 MiB
2026/09/15 20:56:35.379, 0, 1785 MHz, 2619 MHz, 89.74 W, 0 %, 86691 MiB
2026/09/15 20:56:35.479, 0, 1785 MHz, 2619 MHz, 89.74 W, 0 %, 86691 MiB
2026/09/15 20:56:35.580, 0, 1785 MHz, 2619 MHz, 89.74 W, 0 %, 86691 MiB
2026/09/15 20:56:35.680, 0, 1785 MHz, 2619 MHz, 89.75 W, 0 %, 86691 MiB
2026/09/15 20:56:35.780, 0, 1785 MHz, 2619 MHz, 89.75 W, 0 %, 86691 MiB
2026/09/15 20:56:35.881, 0, 1785 MHz, 2619 MHz, 89.77 W, 0 %, 86691 MiB
2026/09/15 20:56:35.981, 0, 1785 MHz, 2619 MHz, 89.77 W, 0 %, 86691 MiB
2026/09/15 20:56:36.081, 0, 1785 MHz, 2619 MHz, 89.77 W, 0 %, 86691 MiB
2026/09/15 20:56:36.182, 0, 1785 MHz, 2619 MHz, 89.76 W, 0 %, 86691 MiB
2026/09/15 20:56:36.282, 0, 1785 MHz, 2619 MHz, 89.76 W, 0 %, 86691 MiB
2026/09/15 20:56:36.382, 0, 1785 MHz, 2619 MHz, 89.77 W, 0 %, 86691 MiB
2026/09/15 20:56:36.483, 0, 1785 MHz, 2619 MHz, 89.78 W, 0 %, 86691 MiB
2026/09/15 20:56:36.583, 0, 1785 MHz, 2619 MHz, 89.76 W, 0 %, 86691 MiB
2026/09/15 20:56:36.683, 0, 1785 MHz, 2619 MHz, 89.76 W, 0 %, 86691 MiB
2026/09/15 20:56:36.784, 0, 1785 MHz, 2619 MHz, 89.77 W, 0 %, 86691 MiB
2026/09/15 20:56:36.884, 0, 1785 MHz, 2619 MHz, 89.78 W, 0 %, 86691 MiB
2026/09/15 20:56:36.984, 0, 1785 MHz, 2619 MHz, 89.77 W, 0 %, 86691 MiB
2026/09/15 20:56:37.084, 0, 1785 MHz, 2619 MHz, 89.79 W, 0 %, 86691 MiB
2026/09/15 20:56:37.185, 0, 1785 MHz, 2619 MHz, 89.77 W, 0 %, 86691 MiB
2026/09/15 20:56:37.285, 0, 1785 MHz, 2619 MHz, 89.78 W, 0 %, 86691 MiB
2026/09/15 20:56:37.385, 0, 1785 MHz, 2619 MHz, 89.77 W, 0 %, 86691 MiB
2026/09/15 20:56:37.486, 0, 1785 MHz, 2619 MHz, 89.76 W, 0 %, 86691 MiB
2026/09/15 20:56:37.586, 0, 1785 MHz, 2619 MHz, 89.77 W, 0 %, 86691 MiB
2026/09/15 20:56:37.686, 0, 1785 MHz, 2619 MHz, 89.78 W, 0 %, 86691 MiB
2026/09/15 20:56:37.787, 0, 1785 MHz, 2619 MHz, 89.76 W, 0 %, 86691 MiB
2026/09/15 20:56:37.887, 0, 1785 MHz, 2619 MHz, 89.75 W, 0 %, 86691 MiB
2026/09/15 20:56:37.987, 0, 1785 MHz, 2619 MHz, 89.75 W, 0 %, 86691 MiB
2026/09/15 20:56:38.088, 0, 1785 MHz, 2619 MHz, 89.75 W, 0 %, 86691 MiB
2026/09/15 20:56:38.188, 0, 1785 MHz, 2619 MHz, 89.76 W, 0 %, 86691 MiB
2026/09/15 20:56:38.288, 0, 1785 MHz, 2619 MHz, 89.77 W, 0 %, 86691 MiB
2026/09/15 20:56:38.389, 0, 1785 MHz, 2619 MHz, 89.77 W, 0 %, 86691 MiB
2026/09/15 20:56:38.489, 0, 1785 MHz, 2619 MHz, 89.79 W, 0 %, 86691 MiB
2026/09/15 20:56:38.589, 0, 1785 MHz, 2619 MHz, 89.79 W, 0 %, 86691 MiB
2026/09/15 20:56:38.690, 0, 1785 MHz, 2619 MHz, 89.79 W, 0 %, 86691 MiB
2026/09/15 20:56:38.790, 0, 1785 MHz, 2619 MHz, 89.79 W, 0 %, 86691 MiB
2026/09/15 20:56:38.890, 0, 1785 MHz, 2619 MHz, 89.81 W, 0 %, 86691 MiB
2026/09/15 20:56:38.990, 0, 1785 MHz, 2619 MHz, 89.80 W, 0 %, 86691 MiB
2026/09/15 20:56:39.091, 0, 1785 MHz, 2619 MHz, 89.80 W, 0 %, 86691 MiB
2026/09/15 20:56:39.191, 0, 1785 MHz, 2619 MHz, 89.79 W, 0 %, 86691 MiB
2026/09/15 20:56:39.291, 0, 1785 MHz, 2619 MHz, 89.80 W, 0 %, 86691 MiB
2026/09/15 20:56:39.392, 0, 1785 MHz, 2619 MHz, 89.80 W, 0 %, 86691 MiB
2026/09/15 20:56:39.492, 0, 1785 MHz, 2619 MHz, 89.79 W, 0 %, 86691 MiB
2026/09/15 20:56:39.592, 0, 1785 MHz, 2619 MHz, 89.79 W, 0 %, 86691 MiB
2026/09/15 20:56:39.693, 0, 1785 MHz, 2619 MHz, 89.80 W, 0 %, 86691 MiB
2026/09/15 20:56:39.793, 0, 1785 MHz, 2619 MHz, 89.81 W, 0 %, 86691 MiB
2026/09/15 20:56:39.893, 0, 1785 MHz, 2619 MHz, 89.81 W, 0 %, 86691 MiB
2026/09/15 20:56:39.994, 0, 1785 MHz, 2619 MHz, 89.79 W, 0 %, 86691 MiB
2026/09/15 20:56:40.094, 0, 1785 MHz, 2619 MHz, 89.79 W, 0 %, 86691 MiB
2026/09/15 20:56:40.194, 0, 1785 MHz, 2619 MHz, 89.79 W, 0 %, 86691 MiB
2026/09/15 20:56:40.295, 0, 1785 MHz, 2619 MHz, 89.80 W, 0 %, 86691 MiB
2026/09/15 20:56:40.395, 0, 1785 MHz, 2619 MHz, 89.79 W, 0 %, 86691 MiB
2026/09/15 20:56:40.495, 0, 1785 MHz, 2619 MHz, 89.79 W, 0 %, 86691 MiB
2026/09/15 20:56:40.595, 0, 1785 MHz, 2619 MHz, 89.76 W, 0 %, 86691 MiB
2026/09/15 20:56:40.696, 0, 1785 MHz, 2619 MHz, 89.76 W, 0 %, 86691 MiB
2026/09/15 20:56:40.796, 0, 1785 MHz, 2619 MHz, 89.75 W, 0 %, 86691 MiB
2026/09/15 20:56:40.896, 0, 1785 MHz, 2619 MHz, 89.75 W, 0 %, 86691 MiB
2026/09/15 20:56:40.997, 0, 1785 MHz, 2619 MHz, 89.77 W, 0 %, 86691 MiB
2026/09/15 20:56:41.097, 0, 1785 MHz, 2619 MHz, 89.78 W, 0 %, 86691 MiB
2026/09/15 20:56:41.197, 0, 1785 MHz, 2619 MHz, 89.79 W, 0 %, 86691 MiB
2026/09/15 20:56:41.298, 0, 1785 MHz, 2619 MHz, 89.78 W, 0 %, 86691 MiB
2026/09/15 20:56:41.398, 0, 1785 MHz, 2619 MHz, 89.78 W, 0 %, 86691 MiB
2026/09/15 20:56:41.498, 0, 1785 MHz, 2619 MHz, 89.80 W, 0 %, 86691 MiB
2026/09/15 20:56:41.599, 0, 1785 MHz, 2619 MHz, 89.81 W, 0 %, 86691 MiB
2026/09/15 20:56:41.699, 0, 1785 MHz, 2619 MHz, 89.81 W, 0 %, 86691 MiB
2026/09/15 20:56:41.799, 0, 1785 MHz, 2619 MHz, 89.81 W, 0 %, 86691 MiB
2026/09/15 20:56:41.899, 0, 1785 MHz, 2619 MHz, 89.80 W, 0 %, 86691 MiB
2026/09/15 20:56:42.000, 0, 1785 MHz, 2619 MHz, 89.79 W, 0 %, 86691 MiB
2026/09/15 20:56:42.100, 0, 1785 MHz, 2619 MHz, 89.78 W, 0 %, 86691 MiB
2026/09/15 20:56:42.200, 0, 1785 MHz, 2619 MHz, 89.78 W, 0 %, 86691 MiB
2026/09/15 20:56:42.301, 0, 1785 MHz, 2619 MHz, 89.77 W, 0 %, 86691 MiB
2026/09/15 20:56:42.401, 0, 1785 MHz, 2619 MHz, 89.76 W, 0 %, 86691 MiB
2026/09/15 20:56:42.501, 0, 1785 MHz, 2619 MHz, 89.77 W, 0 %, 86691 MiB
2026/09/15 20:56:42.601, 0, 1785 MHz, 2619 MHz, 89.75 W, 0 %, 86691 MiB
2026/09/15 20:56:42.702, 0, 1785 MHz, 2619 MHz, 89.76 W, 0 %, 86691 MiB
2026/09/15 20:56:42.802, 0, 1785 MHz, 2619 MHz, 89.76 W, 0 %, 86691 MiB
2026/09/15 20:56:42.902, 0, 1785 MHz, 2619 MHz, 89.78 W, 0 %, 86691 MiB
2026/09/15 20:56:43.003, 0, 1785 MHz, 2619 MHz, 89.77 W, 0 %, 86691 MiB
2026/09/15 20:56:43.103, 0, 1785 MHz, 2619 MHz, 89.79 W, 0 %, 86691 MiB
2026/09/15 20:56:43.203, 0, 1785 MHz, 2619 MHz, 89.79 W, 0 %, 86691 MiB
2026/09/15 20:56:43.304, 0, 1785 MHz, 2619 MHz, 89.81 W, 0 %, 86691 MiB
2026/09/15 20:56:43.404, 0, 1785 MHz, 2619 MHz, 89.80 W, 0 %, 86691 MiB
2026/09/15 20:56:43.504, 0, 1785 MHz, 2619 MHz, 89.81 W, 0 %, 86691 MiB
2026/09/15 20:56:43.605, 0, 1785 MHz, 2619 MHz, 89.82 W, 0 %, 86691 MiB
2026/09/15 20:56:43.705, 0, 1785 MHz, 2619 MHz, 89.82 W, 0 %, 86691 MiB
2026/09/15 20:56:43.805, 0, 1785 MHz, 2619 MHz, 89.81 W, 0 %, 86691 MiB
2026/09/15 20:56:43.906, 0, 1785 MHz, 2619 MHz, 89.81 W, 0 %, 86691 MiB
2026/09/15 20:56:44.006, 0, 1785 MHz, 2619 MHz, 89.79 W, 0 %, 86691 MiB
2026/09/15 20:56:44.106, 0, 1785 MHz, 2619 MHz, 89.79 W, 0 %, 86691 MiB
2026/09/15 20:56:44.207, 0, 1785 MHz, 2619 MHz, 89.79 W, 0 %, 86691 MiB
2026/09/15 20:56:44.307, 0, 1785 MHz, 2619 MHz, 89.78 W, 0 %, 86691 MiB
2026/09/15 20:56:44.407, 0, 1785 MHz, 2619 MHz, 89.79 W, 0 %, 86691 MiB
2026/09/15 20:56:44.508, 0, 1785 MHz, 2619 MHz, 89.78 W, 0 %, 86691 MiB
2026/09/15 20:56:44.608, 0, 1785 MHz, 2619 MHz, 89.78 W, 0 %, 86691 MiB
2026/09/15 20:56:44.708, 0, 1785 MHz, 2619 MHz, 89.78 W, 0 %, 86691 MiB
2026/09/15 20:56:44.809, 0, 1785 MHz, 2619 MHz, 89.77 W, 0 %, 86691 MiB
2026/09/15 20:56:44.909, 0, 1785 MHz, 2619 MHz, 89.77 W, 0 %, 86691 MiB
2026/09/15 20:56:45.009, 0, 1785 MHz, 2619 MHz, 89.77 W, 0 %, 86691 MiB
2026/09/15 20:56:45.109, 0, 1785 MHz, 2619 MHz, 89.78 W, 0 %, 86691 MiB
2026/09/15 20:56:45.210, 0, 1785 MHz, 2619 MHz, 89.77 W, 0 %, 86691 MiB
2026/09/15 20:56:45.310, 0, 1785 MHz, 2619 MHz, 89.77 W, 0 %, 86691 MiB
2026/09/15 20:56:45.410, 0, 1785 MHz, 2619 MHz, 89.75 W, 0 %, 86691 MiB
2026/09/15 20:56:45.511, 0, 1785 MHz, 2619 MHz, 89.75 W, 0 %, 86691 MiB
2026/09/15 20:56:45.611, 0, 1785 MHz, 2619 MHz, 89.74 W, 0 %, 86691 MiB
2026/09/15 20:56:45.711, 0, 1785 MHz, 2619 MHz, 89.74 W, 0 %, 86691 MiB
2026/09/15 20:56:45.812, 0, 1785 MHz, 2619 MHz, 89.74 W, 0 %, 86691 MiB
2026/09/15 20:56:45.912, 0, 1785 MHz, 2619 MHz, 89.74 W, 0 %, 86691 MiB
2026/09/15 20:56:46.012, 0, 1785 MHz, 2619 MHz, 89.75 W, 0 %, 86691 MiB
2026/09/15 20:56:46.113, 0, 1785 MHz, 2619 MHz, 89.76 W, 0 %, 86691 MiB
2026/09/15 20:56:46.213, 0, 1785 MHz, 2619 MHz, 89.75 W, 0 %, 86691 MiB
2026/09/15 20:56:46.313, 0, 1785 MHz, 2619 MHz, 89.75 W, 0 %, 86691 MiB
2026/09/15 20:56:46.414, 0, 1785 MHz, 2619 MHz, 89.77 W, 0 %, 86691 MiB
2026/09/15 20:56:46.514, 0, 1785 MHz, 2619 MHz, 89.77 W, 0 %, 86691 MiB
2026/09/15 20:56:46.614, 0, 1785 MHz, 2619 MHz, 89.76 W, 0 %, 86691 MiB
2026/09/15 20:56:46.715, 0, 1785 MHz, 2619 MHz, 89.77 W, 0 %, 86691 MiB
2026/09/15 20:56:46.815, 0, 1785 MHz, 2619 MHz, 89.77 W, 0 %, 86691 MiB
2026/09/15 20:56:46.915, 0, 1785 MHz, 2619 MHz, 89.78 W, 0 %, 86691 MiB
2026/09/15 20:56:47.016, 0, 1785 MHz, 2619 MHz, 89.78 W, 0 %, 86691 MiB
2026/09/15 20:56:47.116, 0, 1785 MHz, 2619 MHz, 89.79 W, 0 %, 86691 MiB
2026/09/15 20:56:47.216, 0, 1785 MHz, 2619 MHz, 89.78 W, 0 %, 86691 MiB
2026/09/15 20:56:47.317, 0, 1785 MHz, 2619 MHz, 89.79 W, 0 %, 86691 MiB
2026/09/15 20:56:47.417, 0, 1785 MHz, 2619 MHz, 89.79 W, 0 %, 86691 MiB
2026/09/15 20:56:47.517, 0, 1785 MHz, 2619 MHz, 89.80 W, 0 %, 86691 MiB
2026/09/15 20:56:47.617, 0, 1785 MHz, 2619 MHz, 89.79 W, 0 %, 86691 MiB
2026/09/15 20:56:47.718, 0, 1785 MHz, 2619 MHz, 89.80 W, 0 %, 86691 MiB
2026/09/15 20:56:47.818, 0, 1785 MHz, 2619 MHz, 89.80 W, 0 %, 86691 MiB
2026/09/15 20:56:47.918, 0, 1785 MHz, 2619 MHz, 89.81 W, 0 %, 86691 MiB
2026/09/15 20:56:48.019, 0, 1785 MHz, 2619 MHz, 89.80 W, 0 %, 86691 MiB
2026/09/15 20:56:48.119, 0, 1785 MHz, 2619 MHz, 89.80 W, 0 %, 86691 MiB
2026/09/15 20:56:48.219, 0, 1785 MHz, 2619 MHz, 89.80 W, 0 %, 86691 MiB
2026/09/15 20:56:48.320, 0, 1785 MHz, 2619 MHz, 89.82 W, 0 %, 86691 MiB
2026/09/15 20:56:48.420, 0, 1785 MHz, 2619 MHz, 89.80 W, 0 %, 86691 MiB
2026/09/15 20:56:48.520, 0, 1785 MHz, 2619 MHz, 89.81 W, 0 %, 86691 MiB
2026/09/15 20:56:48.621, 0, 1785 MHz, 2619 MHz, 89.81 W, 0 %, 86691 MiB
2026/09/15 20:56:48.721, 0, 1785 MHz, 2619 MHz, 89.81 W, 0 %, 86691 MiB
2026/09/15 20:56:48.821, 0, 1785 MHz, 2619 MHz, 89.79 W, 0 %, 86691 MiB
2026/09/15 20:56:48.922, 0, 1785 MHz, 2619 MHz, 89.77 W, 0 %, 86691 MiB
2026/09/15 20:56:49.022, 0, 1785 MHz, 2619 MHz, 89.77 W, 0 %, 86691 MiB
2026/09/15 20:56:49.122, 0, 1785 MHz, 2619 MHz, 89.77 W, 0 %, 86691 MiB
2026/09/15 20:56:49.223, 0, 1785 MHz, 2619 MHz, 89.77 W, 0 %, 86691 MiB
2026/09/15 20:56:49.323, 0, 1785 MHz, 2619 MHz, 89.77 W, 0 %, 86691 MiB
2026/09/15 20:56:49.423, 0, 1785 MHz, 2619 MHz, 89.76 W, 0 %, 86691 MiB
2026/09/15 20:56:49.523, 0, 1785 MHz, 2619 MHz, 89.77 W, 0 %, 86691 MiB
2026/09/15 20:56:49.624, 0, 1785 MHz, 2619 MHz, 89.77 W, 0 %, 86691 MiB
2026/09/15 20:56:49.724, 0, 1785 MHz, 2619 MHz, 89.76 W, 0 %, 86691 MiB
2026/09/15 20:56:49.824, 0, 1785 MHz, 2619 MHz, 89.76 W, 0 %, 86691 MiB
2026/09/15 20:56:49.925, 0, 1785 MHz, 2619 MHz, 89.78 W, 0 %, 86691 MiB
2026/09/15 20:56:50.025, 0, 1785 MHz, 2619 MHz, 89.76 W, 0 %, 86691 MiB
2026/09/15 20:56:50.125, 0, 1785 MHz, 2619 MHz, 89.76 W, 0 %, 86691 MiB
2026/09/15 20:56:50.225, 0, 1785 MHz, 2619 MHz, 89.76 W, 0 %, 86691 MiB
2026/09/15 20:56:50.326, 0, 1785 MHz, 2619 MHz, 89.76 W, 0 %, 86691 MiB
2026/09/15 20:56:50.426, 0, 1785 MHz, 2619 MHz, 89.75 W, 0 %, 86691 MiB
2026/09/15 20:56:50.526, 0, 1785 MHz, 2619 MHz, 89.75 W, 0 %, 86691 MiB
2026/09/15 20:56:50.626, 0, 1785 MHz, 2619 MHz, 89.74 W, 0 %, 86691 MiB
2026/09/15 20:56:50.727, 0, 1785 MHz, 2619 MHz, 89.76 W, 0 %, 86691 MiB
2026/09/15 20:56:50.827, 0, 1785 MHz, 2619 MHz, 89.77 W, 0 %, 86691 MiB
2026/09/15 20:56:50.927, 0, 1785 MHz, 2619 MHz, 89.77 W, 0 %, 86691 MiB
2026/09/15 20:56:51.028, 0, 1785 MHz, 2619 MHz, 89.77 W, 0 %, 86691 MiB
2026/09/15 20:56:51.128, 0, 1785 MHz, 2619 MHz, 89.79 W, 0 %, 86691 MiB
2026/09/15 20:56:51.228, 0, 1785 MHz, 2619 MHz, 89.78 W, 0 %, 86691 MiB
2026/09/15 20:56:51.329, 0, 1785 MHz, 2619 MHz, 89.78 W, 0 %, 86691 MiB
2026/09/15 20:56:51.429, 0, 1785 MHz, 2619 MHz, 89.77 W, 0 %, 86691 MiB
2026/09/15 20:56:51.529, 0, 1785 MHz, 2619 MHz, 89.79 W, 0 %, 86691 MiB
2026/09/15 20:56:51.630, 0, 1785 MHz, 2619 MHz, 89.77 W, 0 %, 86691 MiB
2026/09/15 20:56:51.730, 0, 1785 MHz, 2619 MHz, 89.77 W, 0 %, 86691 MiB
2026/09/15 20:56:51.830, 0, 1785 MHz, 2619 MHz, 89.75 W, 0 %, 86691 MiB
2026/09/15 20:56:51.931, 0, 1785 MHz, 2619 MHz, 89.76 W, 0 %, 86691 MiB
2026/09/15 20:56:52.031, 0, 1785 MHz, 2619 MHz, 89.75 W, 0 %, 86691 MiB
2026/09/15 20:56:52.131, 0, 1785 MHz, 2619 MHz, 89.75 W, 0 %, 86691 MiB
2026/09/15 20:56:52.231, 0, 1785 MHz, 2619 MHz, 89.75 W, 0 %, 86691 MiB
2026/09/15 20:56:52.332, 0, 1785 MHz, 2619 MHz, 89.76 W, 0 %, 86691 MiB
2026/09/15 20:56:52.432, 0, 1785 MHz, 2619 MHz, 89.77 W, 0 %, 86691 MiB
2026/09/15 20:56:52.532, 0, 1785 MHz, 2619 MHz, 89.76 W, 0 %, 86691 MiB
2026/09/15 20:56:52.633, 0, 1785 MHz, 2619 MHz, 89.77 W, 0 %, 86691 MiB
2026/09/15 20:56:52.733, 0, 1785 MHz, 2619 MHz, 89.78 W, 0 %, 86691 MiB
2026/09/15 20:56:52.833, 0, 1785 MHz, 2619 MHz, 89.78 W, 0 %, 86691 MiB
2026/09/15 20:56:52.934, 0, 1785 MHz, 2619 MHz, 89.78 W, 0 %, 86691 MiB
2026/09/15 20:56:53.034, 0, 1785 MHz, 2619 MHz, 89.78 W, 0 %, 86691 MiB
2026/09/15 20:56:53.134, 0, 1785 MHz, 2619 MHz, 89.79 W, 0 %, 86691 MiB
2026/09/15 20:56:53.235, 0, 1785 MHz, 2619 MHz, 89.78 W, 0 %, 86691 MiB
2026/09/15 20:56:53.335, 0, 1785 MHz, 2619 MHz, 89.79 W, 0 %, 86691 MiB
2026/09/15 20:56:53.435, 0, 1785 MHz, 2619 MHz, 89.78 W, 0 %, 86691 MiB
2026/09/15 20:56:53.536, 0, 1785 MHz, 2619 MHz, 89.81 W, 0 %, 86691 MiB
2026/09/15 20:56:53.636, 0, 1785 MHz, 2619 MHz, 89.80 W, 0 %, 86691 MiB
2026/09/15 20:56:53.736, 0, 1785 MHz, 2619 MHz, 89.80 W, 0 %, 86691 MiB
2026/09/15 20:56:53.837, 0, 1785 MHz, 2619 MHz, 89.80 W, 0 %, 86691 MiB
2026/09/15 20:56:53.937, 0, 1785 MHz, 2619 MHz, 89.81 W, 0 %, 86691 MiB
2026/09/15 20:56:54.037, 0, 1785 MHz, 2619 MHz, 89.81 W, 0 %, 86691 MiB
2026/09/15 20:56:54.138, 0, 1785 MHz, 2619 MHz, 89.81 W, 0 %, 86691 MiB
2026/09/15 20:56:54.238, 0, 1785 MHz, 2619 MHz, 89.81 W, 0 %, 86691 MiB
2026/09/15 20:56:54.338, 0, 1785 MHz, 2619 MHz, 89.81 W, 0 %, 86691 MiB
2026/09/15 20:56:54.439, 0, 1785 MHz, 2619 MHz, 89.82 W, 0 %, 86691 MiB
2026/09/15 20:56:54.539, 0, 1785 MHz, 2619 MHz, 89.81 W, 0 %, 86691 MiB
2026/09/15 20:56:54.639, 0, 1785 MHz, 2619 MHz, 89.80 W, 0 %, 86691 MiB
2026/09/15 20:56:54.740, 0, 1785 MHz, 2619 MHz, 89.80 W, 0 %, 86691 MiB
2026/09/15 20:56:54.840, 0, 1785 MHz, 2619 MHz, 89.82 W, 0 %, 86691 MiB
2026/09/15 20:56:54.940, 0, 1785 MHz, 2619 MHz, 89.82 W, 0 %, 86691 MiB
2026/09/15 20:56:55.041, 0, 1785 MHz, 2619 MHz, 89.82 W, 0 %, 86691 MiB
2026/09/15 20:56:55.141, 0, 1785 MHz, 2619 MHz, 89.82 W, 0 %, 86691 MiB
2026/09/15 20:56:55.241, 0, 1785 MHz, 2619 MHz, 89.81 W, 0 %, 86691 MiB
2026/09/15 20:56:55.342, 0, 1785 MHz, 2619 MHz, 89.80 W, 0 %, 86691 MiB
2026/09/15 20:56:55.442, 0, 1785 MHz, 2619 MHz, 89.79 W, 0 %, 86691 MiB
2026/09/15 20:56:55.542, 0, 1785 MHz, 2619 MHz, 89.80 W, 0 %, 86691 MiB
2026/09/15 20:56:55.643, 0, 1785 MHz, 2619 MHz, 89.81 W, 0 %, 86691 MiB
2026/09/15 20:56:55.743, 0, 1785 MHz, 2619 MHz, 89.80 W, 0 %, 86691 MiB
2026/09/15 20:56:55.843, 0, 1785 MHz, 2619 MHz, 89.78 W, 0 %, 86691 MiB
2026/09/15 20:56:55.944, 0, 1785 MHz, 2619 MHz, 89.78 W, 0 %, 86691 MiB
2026/09/15 20:56:56.044, 0, 1785 MHz, 2619 MHz, 89.76 W, 0 %, 86691 MiB
2026/09/15 20:56:56.144, 0, 1785 MHz, 2619 MHz, 89.77 W, 0 %, 86691 MiB
2026/09/15 20:56:56.245, 0, 1785 MHz, 2619 MHz, 89.76 W, 0 %, 86691 MiB
2026/09/15 20:56:56.345, 0, 1785 MHz, 2619 MHz, 89.76 W, 0 %, 86691 MiB
2026/09/15 20:56:56.445, 0, 1785 MHz, 2619 MHz, 89.76 W, 0 %, 86691 MiB
2026/09/15 20:56:56.546, 0, 1785 MHz, 2619 MHz, 89.75 W, 0 %, 86691 MiB
2026/09/15 20:56:56.646, 0, 1785 MHz, 2619 MHz, 89.74 W, 0 %, 86691 MiB
2026/09/15 20:56:56.746, 0, 1785 MHz, 2619 MHz, 89.76 W, 0 %, 86691 MiB
2026/09/15 20:56:56.847, 0, 1785 MHz, 2619 MHz, 89.75 W, 0 %, 86691 MiB
2026/09/15 20:56:56.947, 0, 1785 MHz, 2619 MHz, 89.77 W, 0 %, 86691 MiB
2026/09/15 20:56:57.047, 0, 1785 MHz, 2619 MHz, 89.77 W, 0 %, 86691 MiB
2026/09/15 20:56:57.148, 0, 1785 MHz, 2619 MHz, 89.78 W, 0 %, 86691 MiB
2026/09/15 20:56:57.248, 0, 1785 MHz, 2619 MHz, 89.78 W, 0 %, 86691 MiB
2026/09/15 20:56:57.348, 0, 1785 MHz, 2619 MHz, 89.79 W, 0 %, 86691 MiB
2026/09/15 20:56:57.449, 0, 1785 MHz, 2619 MHz, 89.79 W, 0 %, 86691 MiB
2026/09/15 20:56:57.549, 0, 1785 MHz, 2619 MHz, 89.80 W, 0 %, 86691 MiB
2026/09/15 20:56:57.649, 0, 1785 MHz, 2619 MHz, 89.80 W, 0 %, 86691 MiB
2026/09/15 20:56:57.750, 0, 1785 MHz, 2619 MHz, 89.79 W, 0 %, 86691 MiB
2026/09/15 20:56:57.850, 0, 1785 MHz, 2619 MHz, 89.79 W, 0 %, 86691 MiB
2026/09/15 20:56:57.950, 0, 1785 MHz, 2619 MHz, 89.80 W, 0 %, 86691 MiB
2026/09/15 20:56:58.051, 0, 1785 MHz, 2619 MHz, 89.79 W, 0 %, 86691 MiB
2026/09/15 20:56:58.151, 0, 1785 MHz, 2619 MHz, 89.79 W, 0 %, 86691 MiB
2026/09/15 20:56:58.251, 0, 1785 MHz, 2619 MHz, 89.78 W, 0 %, 86691 MiB
2026/09/15 20:56:58.352, 0, 1785 MHz, 2619 MHz, 89.79 W, 0 %, 86691 MiB
2026/09/15 20:56:58.452, 0, 1785 MHz, 2619 MHz, 89.79 W, 0 %, 86691 MiB
2026/09/15 20:56:58.552, 0, 1785 MHz, 2619 MHz, 89.79 W, 0 %, 86691 MiB
2026/09/15 20:56:58.653, 0, 1785 MHz, 2619 MHz, 89.78 W, 0 %, 86691 MiB
2026/09/15 20:56:58.753, 0, 1785 MHz, 2619 MHz, 89.79 W, 0 %, 86691 MiB
2026/09/15 20:56:58.853, 0, 1785 MHz, 2619 MHz, 89.78 W, 0 %, 86691 MiB
2026/09/15 20:56:58.954, 0, 1785 MHz, 2619 MHz, 89.78 W, 0 %, 86691 MiB
2026/09/15 20:56:59.054, 0, 1785 MHz, 2619 MHz, 89.78 W, 0 %, 86691 MiB
2026/09/15 20:56:59.154, 0, 1785 MHz, 2619 MHz, 89.79 W, 0 %, 86691 MiB
2026/09/15 20:56:59.254, 0, 1785 MHz, 2619 MHz, 89.79 W, 0 %, 86691 MiB
2026/09/15 20:56:59.355, 0, 1785 MHz, 2619 MHz, 89.79 W, 0 %, 86691 MiB
2026/09/15 20:56:59.455, 0, 1785 MHz, 2619 MHz, 89.79 W, 0 %, 86691 MiB
2026/09/15 20:56:59.555, 0, 1785 MHz, 2619 MHz, 89.79 W, 0 %, 86691 MiB
2026/09/15 20:56:59.656, 0, 1785 MHz, 2619 MHz, 89.78 W, 0 %, 86691 MiB
2026/09/15 20:56:59.756, 0, 1785 MHz, 2619 MHz, 89.79 W, 0 %, 86691 MiB
2026/09/15 20:56:59.856, 0, 1785 MHz, 2619 MHz, 89.79 W, 0 %, 86691 MiB
2026/09/15 20:56:59.957, 0, 1785 MHz, 2619 MHz, 89.80 W, 0 %, 86691 MiB
2026/09/15 20:57:00.057, 0, 1785 MHz, 2619 MHz, 89.79 W, 0 %, 86691 MiB
2026/09/15 20:57:00.157, 0, 1785 MHz, 2619 MHz, 89.79 W, 0 %, 86691 MiB
2026/09/15 20:57:00.258, 0, 1785 MHz, 2619 MHz, 89.79 W, 0 %, 86691 MiB
2026/09/15 20:57:00.358, 0, 1785 MHz, 2619 MHz, 89.78 W, 0 %, 86691 MiB
2026/09/15 20:57:00.458, 0, 1785 MHz, 2619 MHz, 89.78 W, 0 %, 86691 MiB
2026/09/15 20:57:00.559, 0, 1785 MHz, 2619 MHz, 89.78 W, 0 %, 86691 MiB
2026/09/15 20:57:00.659, 0, 1785 MHz, 2619 MHz, 89.78 W, 0 %, 86691 MiB
2026/09/15 20:57:00.759, 0, 1785 MHz, 2619 MHz, 89.79 W, 0 %, 86691 MiB
2026/09/15 20:57:00.860, 0, 1785 MHz, 2619 MHz, 89.79 W, 0 %, 86691 MiB
2026/09/15 20:57:00.960, 0, 1785 MHz, 2619 MHz, 89.79 W, 0 %, 86691 MiB
2026/09/15 20:57:01.060, 0, 1785 MHz, 2619 MHz, 89.79 W, 0 %, 86691 MiB
2026/09/15 20:57:01.161, 0, 1785 MHz, 2619 MHz, 89.80 W, 0 %, 86691 MiB
2026/09/15 20:57:01.261, 0, 1785 MHz, 2619 MHz, 89.79 W, 0 %, 86691 MiB
2026/09/15 20:57:01.361, 0, 1785 MHz, 2619 MHz, 89.79 W, 0 %, 86691 MiB
2026/09/15 20:57:01.461, 0, 1785 MHz, 2619 MHz, 89.79 W, 0 %, 86691 MiB
2026/09/15 20:57:01.562, 0, 1785 MHz, 2619 MHz, 89.79 W, 0 %, 86691 MiB
2026/09/15 20:57:01.662, 0, 1785 MHz, 2619 MHz, 89.79 W, 0 %, 86691 MiB
2026/09/15 20:57:01.762, 0, 1785 MHz, 2619 MHz, 89.79 W, 0 %, 86691 MiB
2026/09/15 20:57:01.863, 0, 1785 MHz, 2619 MHz, 89.78 W, 0 %, 86691 MiB
2026/09/15 20:57:01.963, 0, 1785 MHz, 2619 MHz, 89.80 W, 0 %, 86691 MiB
2026/09/15 20:57:02.063, 0, 1785 MHz, 2619 MHz, 89.81 W, 0 %, 86691 MiB
2026/09/15 20:57:02.164, 0, 1785 MHz, 2619 MHz, 89.81 W, 0 %, 86691 MiB
2026/09/15 20:57:02.264, 0, 1785 MHz, 2619 MHz, 89.81 W, 0 %, 86691 MiB
2026/09/15 20:57:02.364, 0, 1785 MHz, 2619 MHz, 89.82 W, 0 %, 86691 MiB
2026/09/15 20:57:02.465, 0, 1785 MHz, 2619 MHz, 89.82 W, 0 %, 86691 MiB
2026/09/15 20:57:02.565, 0, 1785 MHz, 2619 MHz, 89.83 W, 0 %, 86691 MiB
2026/09/15 20:57:02.665, 0, 1785 MHz, 2619 MHz, 89.82 W, 0 %, 86691 MiB
2026/09/15 20:57:02.765, 0, 1785 MHz, 2619 MHz, 89.83 W, 0 %, 86691 MiB
2026/09/15 20:57:02.866, 0, 1785 MHz, 2619 MHz, 89.83 W, 0 %, 86691 MiB
2026/09/15 20:57:02.966, 0, 1785 MHz, 2619 MHz, 89.83 W, 0 %, 86691 MiB
2026/09/15 20:57:03.066, 0, 1785 MHz, 2619 MHz, 89.81 W, 0 %, 86691 MiB
2026/09/15 20:57:03.167, 0, 1785 MHz, 2619 MHz, 89.81 W, 0 %, 86691 MiB
2026/09/15 20:57:03.267, 0, 1785 MHz, 2619 MHz, 89.80 W, 0 %, 86691 MiB
2026/09/15 20:57:03.367, 0, 1785 MHz, 2619 MHz, 89.81 W, 0 %, 86691 MiB
2026/09/15 20:57:03.468, 0, 1785 MHz, 2619 MHz, 89.81 W, 0 %, 86691 MiB
2026/09/15 20:57:03.568, 0, 1785 MHz, 2619 MHz, 89.80 W, 0 %, 86691 MiB
2026/09/15 20:57:03.668, 0, 1785 MHz, 2619 MHz, 89.80 W, 0 %, 86691 MiB
2026/09/15 20:57:03.769, 0, 1785 MHz, 2619 MHz, 89.81 W, 0 %, 86691 MiB
2026/09/15 20:57:03.869, 0, 1785 MHz, 2619 MHz, 89.80 W, 0 %, 86691 MiB
2026/09/15 20:57:03.969, 0, 1785 MHz, 2619 MHz, 89.79 W, 0 %, 86691 MiB
2026/09/15 20:57:04.070, 0, 1785 MHz, 2619 MHz, 89.79 W, 0 %, 86691 MiB
2026/09/15 20:57:04.170, 0, 1785 MHz, 2619 MHz, 89.79 W, 0 %, 86691 MiB
2026/09/15 20:57:04.270, 0, 1785 MHz, 2619 MHz, 89.78 W, 0 %, 86691 MiB
2026/09/15 20:57:04.371, 0, 1785 MHz, 2619 MHz, 89.78 W, 0 %, 86691 MiB
2026/09/15 20:57:04.471, 0, 1785 MHz, 2619 MHz, 89.77 W, 0 %, 86691 MiB
2026/09/15 20:57:04.571, 0, 1785 MHz, 2619 MHz, 89.77 W, 0 %, 86691 MiB
2026/09/15 20:57:04.672, 0, 1785 MHz, 2619 MHz, 89.77 W, 0 %, 86691 MiB
2026/09/15 20:57:04.772, 0, 1785 MHz, 2619 MHz, 89.76 W, 0 %, 86691 MiB
2026/09/15 20:57:04.872, 0, 1785 MHz, 2619 MHz, 89.75 W, 0 %, 86691 MiB
2026/09/15 20:57:04.973, 0, 1785 MHz, 2619 MHz, 89.77 W, 0 %, 86691 MiB
2026/09/15 20:57:05.073, 0, 1785 MHz, 2619 MHz, 89.77 W, 0 %, 86691 MiB
2026/09/15 20:57:05.173, 0, 1785 MHz, 2619 MHz, 89.76 W, 0 %, 86691 MiB
2026/09/15 20:57:05.274, 0, 1785 MHz, 2619 MHz, 89.75 W, 0 %, 86691 MiB
2026/09/15 20:57:05.374, 0, 1785 MHz, 2619 MHz, 89.75 W, 0 %, 86691 MiB
2026/09/15 20:57:05.474, 0, 1785 MHz, 2619 MHz, 89.76 W, 0 %, 86691 MiB
2026/09/15 20:57:05.575, 0, 1785 MHz, 2619 MHz, 89.76 W, 0 %, 86691 MiB
2026/09/15 20:57:05.675, 0, 1785 MHz, 2619 MHz, 89.77 W, 0 %, 86691 MiB
2026/09/15 20:57:05.775, 0, 1785 MHz, 2619 MHz, 89.78 W, 0 %, 86691 MiB
2026/09/15 20:57:05.876, 0, 1785 MHz, 2619 MHz, 89.77 W, 0 %, 86691 MiB
2026/09/15 20:57:05.976, 0, 1785 MHz, 2619 MHz, 89.76 W, 0 %, 86691 MiB
2026/09/15 20:57:06.076, 0, 1785 MHz, 2619 MHz, 89.76 W, 0 %, 86691 MiB
2026/09/15 20:57:06.177, 0, 1785 MHz, 2619 MHz, 89.77 W, 0 %, 86691 MiB
2026/09/15 20:57:06.277, 0, 1785 MHz, 2619 MHz, 89.79 W, 0 %, 86691 MiB
2026/09/15 20:57:06.377, 0, 1785 MHz, 2619 MHz, 89.77 W, 0 %, 86691 MiB
2026/09/15 20:57:06.478, 0, 1785 MHz, 2619 MHz, 89.78 W, 0 %, 86691 MiB
2026/09/15 20:57:06.578, 0, 1785 MHz, 2619 MHz, 89.78 W, 0 %, 86691 MiB
2026/09/15 20:57:06.678, 0, 1785 MHz, 2619 MHz, 89.79 W, 0 %, 86691 MiB
2026/09/15 20:57:06.778, 0, 1785 MHz, 2619 MHz, 89.80 W, 0 %, 86691 MiB
2026/09/15 20:57:06.879, 0, 1785 MHz, 2619 MHz, 89.80 W, 0 %, 86691 MiB
2026/09/15 20:57:06.979, 0, 1785 MHz, 2619 MHz, 89.80 W, 0 %, 86691 MiB
2026/09/15 20:57:07.079, 0, 1785 MHz, 2619 MHz, 89.82 W, 0 %, 86691 MiB
2026/09/15 20:57:07.180, 0, 1785 MHz, 2619 MHz, 89.83 W, 0 %, 86691 MiB
2026/09/15 20:57:07.280, 0, 1785 MHz, 2619 MHz, 89.83 W, 0 %, 86691 MiB
2026/09/15 20:57:07.380, 0, 1785 MHz, 2619 MHz, 89.82 W, 0 %, 86691 MiB
2026/09/15 20:57:07.481, 0, 1785 MHz, 2619 MHz, 89.83 W, 0 %, 86691 MiB
2026/09/15 20:57:07.581, 0, 1785 MHz, 2619 MHz, 89.82 W, 0 %, 86691 MiB
2026/09/15 20:57:07.681, 0, 1785 MHz, 2619 MHz, 89.81 W, 0 %, 86691 MiB
2026/09/15 20:57:07.782, 0, 1785 MHz, 2619 MHz, 89.81 W, 0 %, 86691 MiB
2026/09/15 20:57:07.882, 0, 1785 MHz, 2619 MHz, 89.81 W, 0 %, 86691 MiB
2026/09/15 20:57:07.982, 0, 1785 MHz, 2619 MHz, 89.80 W, 0 %, 86691 MiB
2026/09/15 20:57:08.083, 0, 1785 MHz, 2619 MHz, 89.79 W, 0 %, 86691 MiB
2026/09/15 20:57:08.183, 0, 1785 MHz, 2619 MHz, 89.79 W, 0 %, 86691 MiB
2026/09/15 20:57:08.283, 0, 1785 MHz, 2619 MHz, 89.80 W, 0 %, 86691 MiB
2026/09/15 20:57:08.384, 0, 1785 MHz, 2619 MHz, 89.80 W, 0 %, 86691 MiB
2026/09/15 20:57:08.484, 0, 1785 MHz, 2619 MHz, 89.82 W, 0 %, 86691 MiB
2026/09/15 20:57:08.584, 0, 1785 MHz, 2619 MHz, 89.81 W, 0 %, 86691 MiB
2026/09/15 20:57:08.685, 0, 1785 MHz, 2619 MHz, 89.82 W, 0 %, 86691 MiB
2026/09/15 20:57:08.785, 0, 1785 MHz, 2619 MHz, 89.81 W, 0 %, 86691 MiB
2026/09/15 20:57:08.885, 0, 1785 MHz, 2619 MHz, 89.82 W, 0 %, 86691 MiB
2026/09/15 20:57:08.986, 0, 1785 MHz, 2619 MHz, 89.81 W, 0 %, 86691 MiB
2026/09/15 20:57:09.086, 0, 1785 MHz, 2619 MHz, 89.81 W, 0 %, 86691 MiB
2026/09/15 20:57:09.186, 0, 1785 MHz, 2619 MHz, 89.80 W, 0 %, 86691 MiB
2026/09/15 20:57:09.286, 0, 1785 MHz, 2619 MHz, 89.79 W, 0 %, 86691 MiB
2026/09/15 20:57:09.387, 0, 1785 MHz, 2619 MHz, 89.78 W, 0 %, 86691 MiB
2026/09/15 20:57:09.487, 0, 1785 MHz, 2619 MHz, 89.78 W, 0 %, 86691 MiB
2026/09/15 20:57:09.587, 0, 1785 MHz, 2619 MHz, 89.77 W, 0 %, 86691 MiB
2026/09/15 20:57:09.688, 0, 1785 MHz, 2619 MHz, 89.78 W, 0 %, 86691 MiB
2026/09/15 20:57:09.788, 0, 1785 MHz, 2619 MHz, 89.77 W, 0 %, 86691 MiB
2026/09/15 20:57:09.888, 0, 1785 MHz, 2619 MHz, 89.78 W, 0 %, 86691 MiB
2026/09/15 20:57:09.989, 0, 1785 MHz, 2619 MHz, 89.78 W, 0 %, 86691 MiB
2026/09/15 20:57:10.089, 0, 1785 MHz, 2619 MHz, 89.79 W, 0 %, 86691 MiB
2026/09/15 20:57:10.189, 0, 1785 MHz, 2619 MHz, 89.79 W, 0 %, 86691 MiB
2026/09/15 20:57:10.290, 0, 1785 MHz, 2619 MHz, 89.81 W, 0 %, 86691 MiB
2026/09/15 20:57:10.390, 0, 1785 MHz, 2619 MHz, 89.80 W, 0 %, 86691 MiB
2026/09/15 20:57:10.490, 0, 1785 MHz, 2619 MHz, 89.80 W, 0 %, 86691 MiB
2026/09/15 20:57:10.591, 0, 1785 MHz, 2619 MHz, 89.81 W, 0 %, 86691 MiB
2026/09/15 20:57:10.691, 0, 1785 MHz, 2619 MHz, 89.81 W, 0 %, 86691 MiB
2026/09/15 20:57:10.791, 0, 1785 MHz, 2619 MHz, 89.81 W, 0 %, 86691 MiB
2026/09/15 20:57:10.892, 0, 1785 MHz, 2619 MHz, 89.80 W, 0 %, 86691 MiB
2026/09/15 20:57:10.992, 0, 1785 MHz, 2619 MHz, 89.79 W, 0 %, 86691 MiB
2026/09/15 20:57:11.092, 0, 1785 MHz, 2619 MHz, 89.80 W, 0 %, 86691 MiB
2026/09/15 20:57:11.193, 0, 1785 MHz, 2619 MHz, 89.79 W, 0 %, 86691 MiB
2026/09/15 20:57:11.293, 0, 1785 MHz, 2619 MHz, 89.79 W, 0 %, 86691 MiB
2026/09/15 20:57:11.393, 0, 1785 MHz, 2619 MHz, 89.78 W, 0 %, 86691 MiB
2026/09/15 20:57:11.494, 0, 1785 MHz, 2619 MHz, 89.78 W, 0 %, 86691 MiB
2026/09/15 20:57:11.594, 0, 1785 MHz, 2619 MHz, 89.77 W, 0 %, 86691 MiB
2026/09/15 20:57:11.694, 0, 1785 MHz, 2619 MHz, 89.77 W, 0 %, 86691 MiB
2026/09/15 20:57:11.795, 0, 1785 MHz, 2619 MHz, 89.77 W, 0 %, 86691 MiB
2026/09/15 20:57:11.895, 0, 1785 MHz, 2619 MHz, 89.78 W, 0 %, 86691 MiB
2026/09/15 20:57:11.995, 0, 1785 MHz, 2619 MHz, 89.78 W, 0 %, 86691 MiB
2026/09/15 20:57:12.096, 0, 1785 MHz, 2619 MHz, 89.78 W, 0 %, 86691 MiB
2026/09/15 20:57:12.196, 0, 1785 MHz, 2619 MHz, 89.77 W, 0 %, 86691 MiB
2026/09/15 20:57:12.296, 0, 1785 MHz, 2619 MHz, 89.77 W, 0 %, 86691 MiB
2026/09/15 20:57:12.397, 0, 1785 MHz, 2619 MHz, 89.74 W, 0 %, 86691 MiB
2026/09/15 20:57:12.497, 0, 1785 MHz, 2619 MHz, 89.75 W, 0 %, 86691 MiB
2026/09/15 20:57:12.597, 0, 1785 MHz, 2619 MHz, 89.75 W, 0 %, 86691 MiB
2026/09/15 20:57:12.698, 0, 1785 MHz, 2619 MHz, 89.75 W, 0 %, 86691 MiB
2026/09/15 20:57:12.798, 0, 1785 MHz, 2619 MHz, 89.74 W, 0 %, 86691 MiB
2026/09/15 20:57:12.898, 0, 1785 MHz, 2619 MHz, 89.75 W, 0 %, 86691 MiB
2026/09/15 20:57:12.999, 0, 1785 MHz, 2619 MHz, 89.75 W, 0 %, 86691 MiB
2026/09/15 20:57:13.099, 0, 1785 MHz, 2619 MHz, 89.76 W, 0 %, 86691 MiB
2026/09/15 20:57:13.199, 0, 1785 MHz, 2619 MHz, 89.77 W, 0 %, 86691 MiB
2026/09/15 20:57:13.299, 0, 1785 MHz, 2619 MHz, 89.77 W, 0 %, 86691 MiB
2026/09/15 20:57:13.400, 0, 1785 MHz, 2619 MHz, 89.80 W, 0 %, 86691 MiB
2026/09/15 20:57:13.500, 0, 1785 MHz, 2619 MHz, 89.80 W, 0 %, 86691 MiB
2026/09/15 20:57:13.600, 0, 1785 MHz, 2619 MHz, 89.79 W, 0 %, 86691 MiB
2026/09/15 20:57:13.701, 0, 1785 MHz, 2619 MHz, 89.79 W, 0 %, 86691 MiB
2026/09/15 20:57:13.801, 0, 1785 MHz, 2619 MHz, 89.78 W, 0 %, 86691 MiB
2026/09/15 20:57:13.901, 0, 1785 MHz, 2619 MHz, 89.79 W, 0 %, 86691 MiB
2026/09/15 20:57:14.002, 0, 1785 MHz, 2619 MHz, 89.79 W, 0 %, 86691 MiB
2026/09/15 20:57:14.102, 0, 1785 MHz, 2619 MHz, 89.80 W, 0 %, 86691 MiB
2026/09/15 20:57:14.202, 0, 1785 MHz, 2619 MHz, 89.80 W, 0 %, 86691 MiB
2026/09/15 20:57:14.302, 0, 1785 MHz, 2619 MHz, 89.81 W, 0 %, 86691 MiB
2026/09/15 20:57:14.403, 0, 1785 MHz, 2619 MHz, 89.80 W, 0 %, 86691 MiB
2026/09/15 20:57:14.503, 0, 1785 MHz, 2619 MHz, 89.81 W, 0 %, 86691 MiB
2026/09/15 20:57:14.603, 0, 1785 MHz, 2619 MHz, 89.81 W, 0 %, 86691 MiB
2026/09/15 20:57:14.704, 0, 1785 MHz, 2619 MHz, 89.82 W, 0 %, 86691 MiB
2026/09/15 20:57:14.804, 0, 1785 MHz, 2619 MHz, 89.82 W, 0 %, 86691 MiB
2026/09/15 20:57:14.904, 0, 1785 MHz, 2619 MHz, 89.81 W, 0 %, 86691 MiB
2026/09/15 20:57:15.004, 0, 1785 MHz, 2619 MHz, 89.79 W, 0 %, 86691 MiB
2026/09/15 20:57:15.105, 0, 1785 MHz, 2619 MHz, 89.78 W, 0 %, 86691 MiB
2026/09/15 20:57:15.205, 0, 1785 MHz, 2619 MHz, 89.77 W, 0 %, 86691 MiB
2026/09/15 20:57:15.305, 0, 1785 MHz, 2619 MHz, 89.77 W, 0 %, 86691 MiB
2026/09/15 20:57:15.406, 0, 1785 MHz, 2619 MHz, 89.77 W, 0 %, 86691 MiB
2026/09/15 20:57:15.506, 0, 1785 MHz, 2619 MHz, 89.77 W, 0 %, 86691 MiB
2026/09/15 20:57:15.606, 0, 1785 MHz, 2619 MHz, 89.75 W, 0 %, 86691 MiB
2026/09/15 20:57:15.707, 0, 1785 MHz, 2619 MHz, 89.77 W, 0 %, 86691 MiB
2026/09/15 20:57:15.807, 0, 1785 MHz, 2619 MHz, 89.77 W, 0 %, 86691 MiB
2026/09/15 20:57:15.907, 0, 1785 MHz, 2619 MHz, 89.78 W, 0 %, 86691 MiB
2026/09/15 20:57:16.007, 0, 1785 MHz, 2619 MHz, 89.78 W, 0 %, 86691 MiB
2026/09/15 20:57:16.108, 0, 1785 MHz, 2619 MHz, 89.80 W, 0 %, 86691 MiB
2026/09/15 20:57:16.208, 0, 1785 MHz, 2619 MHz, 89.80 W, 0 %, 86691 MiB
2026/09/15 20:57:16.308, 0, 1785 MHz, 2619 MHz, 89.80 W, 0 %, 86691 MiB
2026/09/15 20:57:16.409, 0, 1785 MHz, 2619 MHz, 89.79 W, 0 %, 86691 MiB
2026/09/15 20:57:16.509, 0, 1785 MHz, 2619 MHz, 89.81 W, 0 %, 86691 MiB
2026/09/15 20:57:16.609, 0, 1785 MHz, 2619 MHz, 89.81 W, 0 %, 86691 MiB
2026/09/15 20:57:16.710, 0, 1785 MHz, 2619 MHz, 89.82 W, 0 %, 86691 MiB
2026/09/15 20:57:16.810, 0, 1785 MHz, 2619 MHz, 89.81 W, 0 %, 86691 MiB
2026/09/15 20:57:16.910, 0, 1785 MHz, 2619 MHz, 89.81 W, 0 %, 86691 MiB
2026/09/15 20:57:17.010, 0, 1785 MHz, 2619 MHz, 89.81 W, 0 %, 86691 MiB
2026/09/15 20:57:17.111, 0, 1785 MHz, 2619 MHz, 89.81 W, 0 %, 86691 MiB
2026/09/15 20:57:17.211, 0, 1785 MHz, 2619 MHz, 89.79 W, 0 %, 86691 MiB
2026/09/15 20:57:17.311, 0, 1785 MHz, 2619 MHz, 89.79 W, 0 %, 86691 MiB
2026/09/15 20:57:17.412, 0, 1785 MHz, 2619 MHz, 89.78 W, 0 %, 86691 MiB
2026/09/15 20:57:17.512, 0, 1785 MHz, 2619 MHz, 89.77 W, 0 %, 86691 MiB
2026/09/15 20:57:17.612, 0, 1785 MHz, 2619 MHz, 89.77 W, 0 %, 86691 MiB
2026/09/15 20:57:17.713, 0, 1785 MHz, 2619 MHz, 89.76 W, 0 %, 86691 MiB
2026/09/15 20:57:17.813, 0, 1785 MHz, 2619 MHz, 89.77 W, 0 %, 86691 MiB
2026/09/15 20:57:17.913, 0, 1785 MHz, 2619 MHz, 89.77 W, 0 %, 86691 MiB
2026/09/15 20:57:18.014, 0, 1785 MHz, 2619 MHz, 89.77 W, 0 %, 86691 MiB
2026/09/15 20:57:18.116, 0, 1785 MHz, 2619 MHz, 89.77 W, 0 %, 86691 MiB
2026/09/15 20:57:18.216, 0, 1785 MHz, 2619 MHz, 89.77 W, 0 %, 86691 MiB
2026/09/15 20:57:18.316, 0, 1785 MHz, 2619 MHz, 89.78 W, 0 %, 86691 MiB
2026/09/15 20:57:18.417, 0, 1785 MHz, 2619 MHz, 89.76 W, 0 %, 86691 MiB
2026/09/15 20:57:18.518, 0, 1785 MHz, 2619 MHz, 89.75 W, 0 %, 86691 MiB
2026/09/15 20:57:18.618, 0, 1785 MHz, 2619 MHz, 89.76 W, 0 %, 86691 MiB
2026/09/15 20:57:18.724, 0, 1785 MHz, 2619 MHz, 89.76 W, 0 %, 86691 MiB
2026/09/15 20:57:18.825, 0, 1785 MHz, 2619 MHz, 89.75 W, 0 %, 86691 MiB
2026/09/15 20:57:18.925, 0, 1785 MHz, 2619 MHz, 89.76 W, 0 %, 86691 MiB
2026/09/15 20:57:19.026, 0, 1785 MHz, 2619 MHz, 89.75 W, 0 %, 86691 MiB
2026/09/15 20:57:19.130, 0, 1785 MHz, 2619 MHz, 89.77 W, 0 %, 86691 MiB
2026/09/15 20:57:19.230, 0, 1785 MHz, 2619 MHz, 89.77 W, 0 %, 86691 MiB
2026/09/15 20:57:19.345, 0, 1785 MHz, 2619 MHz, 89.78 W, 0 %, 86691 MiB
2026/09/15 20:57:19.446, 0, 1785 MHz, 2619 MHz, 89.79 W, 0 %, 86691 MiB
2026/09/15 20:57:19.546, 0, 1785 MHz, 2619 MHz, 89.82 W, 0 %, 86691 MiB
2026/09/15 20:57:19.646, 0, 1785 MHz, 2619 MHz, 89.81 W, 0 %, 86691 MiB
2026/09/15 20:57:19.746, 0, 1785 MHz, 2619 MHz, 89.82 W, 0 %, 86691 MiB
2026/09/15 20:57:19.847, 0, 1785 MHz, 2619 MHz, 89.82 W, 0 %, 86691 MiB
2026/09/15 20:57:19.952, 0, 1785 MHz, 2619 MHz, 89.82 W, 0 %, 86691 MiB
2026/09/15 20:57:20.053, 0, 1785 MHz, 2619 MHz, 89.80 W, 0 %, 86691 MiB
2026/09/15 20:57:20.164, 0, 1785 MHz, 2619 MHz, 89.81 W, 0 %, 86691 MiB
2026/09/15 20:57:20.264, 0, 1785 MHz, 2619 MHz, 89.80 W, 0 %, 86691 MiB
2026/09/15 20:57:20.372, 0, 1785 MHz, 2619 MHz, 89.80 W, 0 %, 86691 MiB
2026/09/15 20:57:20.472, 0, 1785 MHz, 2619 MHz, 89.80 W, 0 %, 86691 MiB
2026/09/15 20:57:20.573, 0, 1785 MHz, 2619 MHz, 89.80 W, 0 %, 86691 MiB
2026/09/15 20:57:20.673, 0, 1785 MHz, 2619 MHz, 89.80 W, 0 %, 86691 MiB
2026/09/15 20:57:20.774, 0, 1785 MHz, 2619 MHz, 89.80 W, 0 %, 86691 MiB
2026/09/15 20:57:20.874, 0, 1785 MHz, 2619 MHz, 89.80 W, 0 %, 86691 MiB
2026/09/15 20:57:20.974, 0, 1785 MHz, 2619 MHz, 89.81 W, 0 %, 86691 MiB
2026/09/15 20:57:21.075, 0, 1785 MHz, 2619 MHz, 89.82 W, 0 %, 86691 MiB
2026/09/15 20:57:21.175, 0, 1785 MHz, 2619 MHz, 89.81 W, 0 %, 86691 MiB
2026/09/15 20:57:21.275, 0, 1785 MHz, 2619 MHz, 89.81 W, 0 %, 86691 MiB
2026/09/15 20:57:21.376, 0, 1785 MHz, 2619 MHz, 89.81 W, 0 %, 86691 MiB
2026/09/15 20:57:21.476, 0, 1785 MHz, 2619 MHz, 89.80 W, 0 %, 86691 MiB
2026/09/15 20:57:21.576, 0, 1785 MHz, 2619 MHz, 89.79 W, 0 %, 86691 MiB
2026/09/15 20:57:21.677, 0, 1785 MHz, 2619 MHz, 89.78 W, 0 %, 86691 MiB
2026/09/15 20:57:21.777, 0, 1785 MHz, 2619 MHz, 89.80 W, 0 %, 86691 MiB
2026/09/15 20:57:21.877, 0, 1785 MHz, 2619 MHz, 89.79 W, 0 %, 86691 MiB
2026/09/15 20:57:21.978, 0, 1785 MHz, 2619 MHz, 89.81 W, 0 %, 86691 MiB
2026/09/15 20:57:22.078, 0, 1785 MHz, 2619 MHz, 89.81 W, 0 %, 86691 MiB
2026/09/15 20:57:22.178, 0, 1785 MHz, 2619 MHz, 89.81 W, 0 %, 86691 MiB
2026/09/15 20:57:22.279, 0, 1785 MHz, 2619 MHz, 89.80 W, 0 %, 86691 MiB
2026/09/15 20:57:22.379, 0, 1785 MHz, 2619 MHz, 89.79 W, 0 %, 86691 MiB
2026/09/15 20:57:22.479, 0, 1785 MHz, 2619 MHz, 89.79 W, 0 %, 86691 MiB
2026/09/15 20:57:22.580, 0, 1785 MHz, 2619 MHz, 89.79 W, 0 %, 86691 MiB
2026/09/15 20:57:22.680, 0, 1785 MHz, 2619 MHz, 89.79 W, 0 %, 86691 MiB
2026/09/15 20:57:22.780, 0, 1785 MHz, 2619 MHz, 89.78 W, 0 %, 86691 MiB
2026/09/15 20:57:22.881, 0, 1785 MHz, 2619 MHz, 89.78 W, 0 %, 86691 MiB
2026/09/15 20:57:22.981, 0, 1785 MHz, 2619 MHz, 89.77 W, 0 %, 86691 MiB
2026/09/15 20:57:23.082, 0, 1785 MHz, 2619 MHz, 89.77 W, 0 %, 86691 MiB
2026/09/15 20:57:23.182, 0, 1785 MHz, 2619 MHz, 89.76 W, 0 %, 86691 MiB
2026/09/15 20:57:23.282, 0, 1785 MHz, 2619 MHz, 89.77 W, 0 %, 86691 MiB
2026/09/15 20:57:23.383, 0, 1785 MHz, 2619 MHz, 89.77 W, 0 %, 86691 MiB
2026/09/15 20:57:23.483, 0, 1785 MHz, 2619 MHz, 89.78 W, 0 %, 86691 MiB
2026/09/15 20:57:23.583, 0, 1785 MHz, 2619 MHz, 89.78 W, 0 %, 86691 MiB
2026/09/15 20:57:23.684, 0, 1785 MHz, 2619 MHz, 89.77 W, 0 %, 86691 MiB
2026/09/15 20:57:23.784, 0, 1785 MHz, 2619 MHz, 89.77 W, 0 %, 86691 MiB
2026/09/15 20:57:23.884, 0, 1785 MHz, 2619 MHz, 89.77 W, 0 %, 86691 MiB
2026/09/15 20:57:23.985, 0, 1785 MHz, 2619 MHz, 89.77 W, 0 %, 86691 MiB
2026/09/15 20:57:24.085, 0, 1785 MHz, 2619 MHz, 89.78 W, 0 %, 86691 MiB
2026/09/15 20:57:24.185, 0, 1785 MHz, 2619 MHz, 89.79 W, 0 %, 86691 MiB
2026/09/15 20:57:24.286, 0, 1785 MHz, 2619 MHz, 89.81 W, 0 %, 86691 MiB
2026/09/15 20:57:24.386, 0, 1785 MHz, 2619 MHz, 89.79 W, 0 %, 86691 MiB
2026/09/15 20:57:24.486, 0, 1785 MHz, 2619 MHz, 89.79 W, 0 %, 86691 MiB
2026/09/15 20:57:24.587, 0, 1785 MHz, 2619 MHz, 89.79 W, 0 %, 86691 MiB
2026/09/15 20:57:24.687, 0, 1785 MHz, 2619 MHz, 89.79 W, 0 %, 86691 MiB
2026/09/15 20:57:24.787, 0, 1785 MHz, 2619 MHz, 89.77 W, 0 %, 86691 MiB
2026/09/15 20:57:24.888, 0, 1785 MHz, 2619 MHz, 89.77 W, 0 %, 86691 MiB
2026/09/15 20:57:24.988, 0, 1785 MHz, 2619 MHz, 89.75 W, 0 %, 86691 MiB
2026/09/15 20:57:25.088, 0, 1785 MHz, 2619 MHz, 89.77 W, 0 %, 86691 MiB
2026/09/15 20:57:25.189, 0, 1785 MHz, 2619 MHz, 89.76 W, 0 %, 86691 MiB
2026/09/15 20:57:25.289, 0, 1785 MHz, 2619 MHz, 89.75 W, 0 %, 86691 MiB
2026/09/15 20:57:25.389, 0, 1785 MHz, 2619 MHz, 89.75 W, 0 %, 86691 MiB
2026/09/15 20:57:25.489, 0, 1785 MHz, 2619 MHz, 89.76 W, 0 %, 86691 MiB
2026/09/15 20:57:25.590, 0, 1785 MHz, 2619 MHz, 89.76 W, 0 %, 86691 MiB
2026/09/15 20:57:25.690, 0, 1785 MHz, 2619 MHz, 89.76 W, 0 %, 86691 MiB
2026/09/15 20:57:25.790, 0, 1785 MHz, 2619 MHz, 89.77 W, 0 %, 86691 MiB
2026/09/15 20:57:25.891, 0, 1785 MHz, 2619 MHz, 89.78 W, 0 %, 86691 MiB
2026/09/15 20:57:25.991, 0, 1785 MHz, 2619 MHz, 89.79 W, 0 %, 86691 MiB
2026/09/15 20:57:26.091, 0, 1785 MHz, 2619 MHz, 89.79 W, 0 %, 86691 MiB
2026/09/15 20:57:26.192, 0, 1785 MHz, 2619 MHz, 89.77 W, 0 %, 86691 MiB
2026/09/15 20:57:26.292, 0, 1785 MHz, 2619 MHz, 89.78 W, 0 %, 86691 MiB
2026/09/15 20:57:26.392, 0, 1785 MHz, 2619 MHz, 89.78 W, 0 %, 86691 MiB
2026/09/15 20:57:26.493, 0, 1785 MHz, 2619 MHz, 89.78 W, 0 %, 86691 MiB
2026/09/15 20:57:26.593, 0, 1785 MHz, 2619 MHz, 89.78 W, 0 %, 86691 MiB
2026/09/15 20:57:26.693, 0, 1785 MHz, 2619 MHz, 89.78 W, 0 %, 86691 MiB
2026/09/15 20:57:26.793, 0, 1785 MHz, 2619 MHz, 89.78 W, 0 %, 86691 MiB
2026/09/15 20:57:26.894, 0, 1785 MHz, 2619 MHz, 89.78 W, 0 %, 86691 MiB
2026/09/15 20:57:26.994, 0, 1785 MHz, 2619 MHz, 89.78 W, 0 %, 86691 MiB
2026/09/15 20:57:27.095, 0, 1785 MHz, 2619 MHz, 89.79 W, 0 %, 86691 MiB
2026/09/15 20:57:27.195, 0, 1785 MHz, 2619 MHz, 89.79 W, 0 %, 86691 MiB
2026/09/15 20:57:27.295, 0, 1785 MHz, 2619 MHz, 89.80 W, 0 %, 86691 MiB
2026/09/15 20:57:27.395, 0, 1785 MHz, 2619 MHz, 89.78 W, 0 %, 86691 MiB
2026/09/15 20:57:27.496, 0, 1785 MHz, 2619 MHz, 89.76 W, 0 %, 86691 MiB
2026/09/15 20:57:27.596, 0, 1785 MHz, 2619 MHz, 89.75 W, 0 %, 86691 MiB
2026/09/15 20:57:27.696, 0, 1785 MHz, 2619 MHz, 89.76 W, 0 %, 86691 MiB
2026/09/15 20:57:27.797, 0, 1785 MHz, 2619 MHz, 89.75 W, 0 %, 86691 MiB
2026/09/15 20:57:27.897, 0, 1785 MHz, 2619 MHz, 89.76 W, 0 %, 86691 MiB
2026/09/15 20:57:27.998, 0, 1785 MHz, 2619 MHz, 89.75 W, 0 %, 86691 MiB
2026/09/15 20:57:28.098, 0, 1785 MHz, 2619 MHz, 89.76 W, 0 %, 86691 MiB
2026/09/15 20:57:28.199, 0, 1785 MHz, 2619 MHz, 89.75 W, 0 %, 86691 MiB
2026/09/15 20:57:28.300, 0, 1785 MHz, 2619 MHz, 89.75 W, 0 %, 86691 MiB
2026/09/15 20:57:28.400, 0, 1785 MHz, 2619 MHz, 89.75 W, 0 %, 86691 MiB
2026/09/15 20:57:28.513, 0, 1785 MHz, 2619 MHz, 89.78 W, 0 %, 86691 MiB
2026/09/15 20:57:28.613, 0, 1785 MHz, 2619 MHz, 89.78 W, 0 %, 86691 MiB
2026/09/15 20:57:28.714, 0, 1785 MHz, 2619 MHz, 89.75 W, 0 %, 86691 MiB
2026/09/15 20:57:28.814, 0, 1785 MHz, 2619 MHz, 89.69 W, 0 %, 86691 MiB
2026/09/15 20:57:28.914, 0, 1785 MHz, 2619 MHz, 89.66 W, 0 %, 86691 MiB
2026/09/15 20:57:29.031, 0, 1785 MHz, 2619 MHz, 89.63 W, 0 %, 86691 MiB
2026/09/15 20:57:29.136, 0, 1785 MHz, 2619 MHz, 89.64 W, 0 %, 86691 MiB
2026/09/15 20:57:29.236, 0, 1785 MHz, 2619 MHz, 89.63 W, 0 %, 86691 MiB
2026/09/15 20:57:29.356, 0, 1785 MHz, 2619 MHz, 89.64 W, 0 %, 86691 MiB
2026/09/15 20:57:29.456, 0, 1785 MHz, 2619 MHz, 89.65 W, 0 %, 86691 MiB
2026/09/15 20:57:29.561, 0, 1785 MHz, 2619 MHz, 89.67 W, 0 %, 86691 MiB
2026/09/15 20:57:29.661, 0, 1785 MHz, 2619 MHz, 89.66 W, 0 %, 86691 MiB
2026/09/15 20:57:29.761, 0, 1785 MHz, 2619 MHz, 89.70 W, 0 %, 86691 MiB
2026/09/15 20:57:29.862, 0, 1785 MHz, 2619 MHz, 89.75 W, 0 %, 86691 MiB
2026/09/15 20:57:29.962, 0, 1785 MHz, 2619 MHz, 89.79 W, 0 %, 86691 MiB
2026/09/15 20:57:30.063, 0, 1785 MHz, 2619 MHz, 89.80 W, 0 %, 86691 MiB
2026/09/15 20:57:30.163, 0, 1785 MHz, 2619 MHz, 89.81 W, 0 %, 86691 MiB
2026/09/15 20:57:30.272, 0, 1785 MHz, 2619 MHz, 89.80 W, 0 %, 86691 MiB
2026/09/15 20:57:30.373, 0, 1785 MHz, 2619 MHz, 89.80 W, 0 %, 86691 MiB
2026/09/15 20:57:30.473, 0, 1785 MHz, 2619 MHz, 89.75 W, 0 %, 86691 MiB
2026/09/15 20:57:30.574, 0, 1785 MHz, 2619 MHz, 89.71 W, 0 %, 86691 MiB
2026/09/15 20:57:30.674, 0, 1785 MHz, 2619 MHz, 89.67 W, 0 %, 87697 MiB
2026/09/15 20:57:30.774, 0, 1785 MHz, 2619 MHz, 90.57 W, 4 %, 87697 MiB
2026/09/15 20:57:30.875, 0, 1785 MHz, 2619 MHz, 92.99 W, 4 %, 87697 MiB
2026/09/15 20:57:30.975, 0, 1410 MHz, 2619 MHz, 107.34 W, 46 %, 87699 MiB
2026/09/15 20:57:31.075, 0, 1770 MHz, 2619 MHz, 111.22 W, 46 %, 87699 MiB
2026/09/15 20:57:31.176, 0, 1770 MHz, 2619 MHz, 111.23 W, 0 %, 87699 MiB
2026/09/15 20:57:31.276, 0, 1770 MHz, 2619 MHz, 111.10 W, 0 %, 87699 MiB
2026/09/15 20:57:31.376, 0, 1785 MHz, 2619 MHz, 110.99 W, 0 %, 87699 MiB
2026/09/15 20:57:31.476, 0, 1785 MHz, 2619 MHz, 111.02 W, 0 %, 87699 MiB
2026/09/15 20:57:31.576, 0, 1785 MHz, 2619 MHz, 111.00 W, 0 %, 87699 MiB
2026/09/15 20:57:31.677, 0, 1785 MHz, 2619 MHz, 111.01 W, 0 %, 87699 MiB
2026/09/15 20:57:31.777, 0, 1785 MHz, 2619 MHz, 109.87 W, 0 %, 87699 MiB
2026/09/15 20:57:31.877, 0, 1785 MHz, 2619 MHz, 107.39 W, 0 %, 87699 MiB
2026/09/15 20:57:31.977, 0, 1785 MHz, 2619 MHz, 97.34 W, 0 %, 87699 MiB
2026/09/15 20:57:32.077, 0, 1785 MHz, 2619 MHz, 89.63 W, 0 %, 87699 MiB
2026/09/15 20:57:32.178, 0, 1785 MHz, 2619 MHz, 89.26 W, 0 %, 87699 MiB
2026/09/15 20:57:32.278, 0, 1785 MHz, 2619 MHz, 89.39 W, 0 %, 87699 MiB
2026/09/15 20:57:32.378, 0, 1785 MHz, 2619 MHz, 89.47 W, 0 %, 87699 MiB
2026/09/15 20:57:32.479, 0, 1785 MHz, 2619 MHz, 89.45 W, 0 %, 87699 MiB
2026/09/15 20:57:32.579, 0, 1785 MHz, 2619 MHz, 89.45 W, 0 %, 87699 MiB
2026/09/15 20:57:32.679, 0, 1785 MHz, 2619 MHz, 89.47 W, 0 %, 87699 MiB
2026/09/15 20:57:32.780, 0, 1785 MHz, 2619 MHz, 89.46 W, 0 %, 87699 MiB
2026/09/15 20:57:32.880, 0, 1785 MHz, 2619 MHz, 89.48 W, 0 %, 87699 MiB
2026/09/15 20:57:32.980, 0, 1785 MHz, 2619 MHz, 89.49 W, 0 %, 87699 MiB
2026/09/15 20:57:33.081, 0, 1785 MHz, 2619 MHz, 89.50 W, 0 %, 87699 MiB
2026/09/15 20:57:33.181, 0, 1785 MHz, 2619 MHz, 89.52 W, 0 %, 87699 MiB
2026/09/15 20:57:33.281, 0, 1785 MHz, 2619 MHz, 89.51 W, 0 %, 87699 MiB
2026/09/15 20:57:33.382, 0, 1785 MHz, 2619 MHz, 89.48 W, 0 %, 87699 MiB
2026/09/15 20:57:33.482, 0, 1785 MHz, 2619 MHz, 89.50 W, 0 %, 87699 MiB
2026/09/15 20:57:33.582, 0, 1785 MHz, 2619 MHz, 89.48 W, 0 %, 87699 MiB
2026/09/15 20:57:33.683, 0, 1785 MHz, 2619 MHz, 89.48 W, 0 %, 87699 MiB
2026/09/15 20:57:33.783, 0, 1785 MHz, 2619 MHz, 89.46 W, 0 %, 87699 MiB
2026/09/15 20:57:33.883, 0, 1785 MHz, 2619 MHz, 89.44 W, 0 %, 87699 MiB
2026/09/15 20:57:33.984, 0, 1785 MHz, 2619 MHz, 89.45 W, 0 %, 87699 MiB
2026/09/15 20:57:34.084, 0, 1785 MHz, 2619 MHz, 92.41 W, 1 %, 87699 MiB
2026/09/15 20:57:34.184, 0, 1335 MHz, 2619 MHz, 113.08 W, 1 %, 87720 MiB
2026/09/15 20:57:34.308, 0, 1770 MHz, 2619 MHz, 112.89 W, 0 %, 87739 MiB
2026/09/15 20:57:34.408, 0, 1770 MHz, 2619 MHz, 130.66 W, 0 %, 88225 MiB
2026/09/15 20:57:34.509, 0, 1155 MHz, 2619 MHz, 159.72 W, 83 %, 88225 MiB
2026/09/15 20:57:34.609, 0, 1260 MHz, 2619 MHz, 192.50 W, 83 %, 88225 MiB
2026/09/15 20:57:34.709, 0, 1140 MHz, 2619 MHz, 221.40 W, 100 %, 88225 MiB
2026/09/15 20:57:34.810, 0, 1140 MHz, 2619 MHz, 258.34 W, 100 %, 88225 MiB
2026/09/15 20:57:34.910, 0, 1185 MHz, 2619 MHz, 289.38 W, 91 %, 88225 MiB
2026/09/15 20:57:35.010, 0, 1245 MHz, 2619 MHz, 320.89 W, 91 %, 88225 MiB
2026/09/15 20:57:35.111, 0, 1140 MHz, 2619 MHz, 351.65 W, 100 %, 88225 MiB
2026/09/15 20:57:35.211, 0, 1035 MHz, 2619 MHz, 358.23 W, 100 %, 88225 MiB
2026/09/15 20:57:35.311, 0, 915 MHz, 2619 MHz, 392.43 W, 100 %, 88225 MiB
2026/09/15 20:57:35.412, 0, 915 MHz, 2619 MHz, 402.42 W, 100 %, 88225 MiB
2026/09/15 20:57:35.512, 0, 960 MHz, 2619 MHz, 402.01 W, 93 %, 88225 MiB
2026/09/15 20:57:35.612, 0, 990 MHz, 2619 MHz, 399.95 W, 93 %, 88225 MiB
2026/09/15 20:57:35.713, 0, 1185 MHz, 2619 MHz, 396.16 W, 87 %, 88225 MiB
2026/09/15 20:57:35.813, 0, 1110 MHz, 2619 MHz, 396.53 W, 87 %, 88225 MiB
2026/09/15 20:57:35.913, 0, 1035 MHz, 2619 MHz, 398.91 W, 100 %, 88225 MiB
2026/09/15 20:57:36.014, 0, 1230 MHz, 2619 MHz, 397.48 W, 100 %, 88225 MiB
2026/09/15 20:57:36.114, 0, 1065 MHz, 2619 MHz, 398.15 W, 100 %, 88225 MiB
2026/09/15 20:57:36.214, 0, 1005 MHz, 2619 MHz, 396.85 W, 100 %, 88225 MiB
2026/09/15 20:57:36.314, 0, 945 MHz, 2619 MHz, 397.48 W, 86 %, 88225 MiB
2026/09/15 20:57:36.415, 0, 930 MHz, 2619 MHz, 401.54 W, 86 %, 88225 MiB
2026/09/15 20:57:36.515, 0, 930 MHz, 2619 MHz, 400.29 W, 100 %, 88225 MiB
2026/09/15 20:57:36.615, 0, 885 MHz, 2619 MHz, 400.03 W, 100 %, 88225 MiB
2026/09/15 20:57:36.716, 0, 1005 MHz, 2619 MHz, 401.38 W, 100 %, 88225 MiB
2026/09/15 20:57:36.816, 0, 1035 MHz, 2619 MHz, 398.48 W, 100 %, 88225 MiB
2026/09/15 20:57:36.916, 0, 1095 MHz, 2619 MHz, 396.18 W, 81 %, 88225 MiB
2026/09/15 20:57:37.017, 0, 1050 MHz, 2619 MHz, 400.83 W, 81 %, 88225 MiB
2026/09/15 20:57:37.117, 0, 960 MHz, 2619 MHz, 398.24 W, 100 %, 88225 MiB
2026/09/15 20:57:37.217, 0, 975 MHz, 2619 MHz, 396.71 W, 100 %, 88225 MiB
2026/09/15 20:57:37.318, 0, 930 MHz, 2619 MHz, 397.24 W, 100 %, 88225 MiB
2026/09/15 20:57:37.418, 0, 1275 MHz, 2619 MHz, 394.23 W, 100 %, 88225 MiB
2026/09/15 20:57:37.518, 0, 960 MHz, 2619 MHz, 396.61 W, 100 %, 88225 MiB
2026/09/15 20:57:37.636, 0, 975 MHz, 2619 MHz, 397.21 W, 100 %, 88225 MiB
2026/09/15 20:57:37.736, 0, 930 MHz, 2619 MHz, 397.58 W, 100 %, 88225 MiB
2026/09/15 20:57:37.837, 0, 1020 MHz, 2619 MHz, 397.08 W, 100 %, 88225 MiB
2026/09/15 20:57:37.939, 0, 1050 MHz, 2619 MHz, 398.61 W, 100 %, 88225 MiB
2026/09/15 20:57:38.039, 0, 1170 MHz, 2619 MHz, 390.92 W, 100 %, 88225 MiB
2026/09/15 20:57:38.140, 0, 1080 MHz, 2619 MHz, 392.23 W, 100 %, 88225 MiB
2026/09/15 20:57:38.257, 0, 1050 MHz, 2619 MHz, 395.32 W, 100 %, 88225 MiB
2026/09/15 20:57:38.358, 0, 945 MHz, 2619 MHz, 394.30 W, 100 %, 88225 MiB
2026/09/15 20:57:38.461, 0, 975 MHz, 2619 MHz, 398.92 W, 100 %, 88225 MiB
2026/09/15 20:57:38.562, 0, 1290 MHz, 2619 MHz, 392.07 W, 78 %, 88225 MiB
2026/09/15 20:57:38.663, 0, 945 MHz, 2619 MHz, 396.46 W, 78 %, 88225 MiB
2026/09/15 20:57:38.769, 0, 1005 MHz, 2619 MHz, 395.67 W, 100 %, 88225 MiB
2026/09/15 20:57:38.888, 0, 930 MHz, 2619 MHz, 394.10 W, 100 %, 88225 MiB
2026/09/15 20:57:38.991, 0, 1065 MHz, 2619 MHz, 398.80 W, 100 %, 88225 MiB
2026/09/15 20:57:39.103, 0, 1020 MHz, 2619 MHz, 397.89 W, 100 %, 88225 MiB
2026/09/15 20:57:39.209, 0, 975 MHz, 2619 MHz, 396.81 W, 100 %, 88225 MiB
2026/09/15 20:57:39.309, 0, 960 MHz, 2619 MHz, 397.42 W, 100 %, 88225 MiB
2026/09/15 20:57:39.413, 0, 915 MHz, 2619 MHz, 396.65 W, 100 %, 88225 MiB
2026/09/15 20:57:39.521, 0, 975 MHz, 2619 MHz, 398.97 W, 100 %, 88225 MiB
2026/09/15 20:57:39.622, 0, 990 MHz, 2619 MHz, 396.13 W, 100 %, 88225 MiB
2026/09/15 20:57:39.723, 0, 1125 MHz, 2619 MHz, 389.55 W, 57 %, 88225 MiB
2026/09/15 20:57:39.824, 0, 1065 MHz, 2619 MHz, 391.88 W, 57 %, 88225 MiB
2026/09/15 20:57:39.925, 0, 1065 MHz, 2619 MHz, 395.88 W, 100 %, 88225 MiB
2026/09/15 20:57:40.028, 0, 1035 MHz, 2619 MHz, 397.72 W, 100 %, 88225 MiB
2026/09/15 20:57:40.128, 0, 1035 MHz, 2619 MHz, 397.60 W, 100 %, 88225 MiB
2026/09/15 20:57:40.228, 0, 975 MHz, 2619 MHz, 397.36 W, 100 %, 88225 MiB
2026/09/15 20:57:40.328, 0, 975 MHz, 2619 MHz, 397.25 W, 100 %, 88225 MiB
2026/09/15 20:57:40.429, 0, 945 MHz, 2619 MHz, 397.26 W, 100 %, 88225 MiB
2026/09/15 20:57:40.529, 0, 900 MHz, 2619 MHz, 397.50 W, 100 %, 88225 MiB
2026/09/15 20:57:40.629, 0, 885 MHz, 2619 MHz, 395.22 W, 100 %, 88225 MiB
2026/09/15 20:57:40.730, 0, 975 MHz, 2619 MHz, 402.91 W, 100 %, 88225 MiB
2026/09/15 20:57:40.830, 0, 1215 MHz, 2619 MHz, 397.56 W, 100 %, 88225 MiB
2026/09/15 20:57:40.930, 0, 1020 MHz, 2619 MHz, 397.89 W, 100 %, 88225 MiB
2026/09/15 20:57:41.030, 0, 1065 MHz, 2619 MHz, 397.76 W, 100 %, 88225 MiB
2026/09/15 20:57:41.131, 0, 1035 MHz, 2619 MHz, 397.30 W, 100 %, 88225 MiB
2026/09/15 20:57:41.231, 0, 1035 MHz, 2619 MHz, 397.27 W, 100 %, 88225 MiB
2026/09/15 20:57:41.331, 0, 960 MHz, 2619 MHz, 397.36 W, 100 %, 88225 MiB
2026/09/15 20:57:41.432, 0, 945 MHz, 2619 MHz, 397.77 W, 100 %, 88225 MiB
2026/09/15 20:57:41.532, 0, 900 MHz, 2619 MHz, 397.40 W, 100 %, 88225 MiB
2026/09/15 20:57:41.632, 0, 930 MHz, 2619 MHz, 397.74 W, 100 %, 88225 MiB
2026/09/15 20:57:41.733, 0, 945 MHz, 2619 MHz, 397.40 W, 100 %, 88225 MiB
2026/09/15 20:57:41.833, 0, 1005 MHz, 2619 MHz, 402.14 W, 100 %, 88225 MiB
2026/09/15 20:57:41.933, 0, 1245 MHz, 2619 MHz, 395.89 W, 89 %, 88225 MiB
2026/09/15 20:57:42.033, 0, 990 MHz, 2619 MHz, 397.23 W, 89 %, 88225 MiB
2026/09/15 20:57:42.134, 0, 1020 MHz, 2619 MHz, 397.72 W, 100 %, 88225 MiB
2026/09/15 20:57:42.234, 0, 975 MHz, 2619 MHz, 397.90 W, 100 %, 88225 MiB
2026/09/15 20:57:42.334, 0, 990 MHz, 2619 MHz, 397.73 W, 100 %, 88225 MiB
2026/09/15 20:57:42.435, 0, 930 MHz, 2619 MHz, 397.37 W, 100 %, 88225 MiB
2026/09/15 20:57:42.535, 0, 930 MHz, 2619 MHz, 398.04 W, 100 %, 88225 MiB
2026/09/15 20:57:42.635, 0, 885 MHz, 2619 MHz, 397.66 W, 100 %, 88225 MiB
2026/09/15 20:57:42.735, 0, 975 MHz, 2619 MHz, 398.87 W, 100 %, 88225 MiB
2026/09/15 20:57:42.836, 0, 945 MHz, 2619 MHz, 397.61 W, 100 %, 88225 MiB
2026/09/15 20:57:42.936, 0, 1035 MHz, 2619 MHz, 400.23 W, 100 %, 88225 MiB
2026/09/15 20:57:43.036, 0, 1395 MHz, 2619 MHz, 391.60 W, 100 %, 88225 MiB
2026/09/15 20:57:43.137, 0, 1155 MHz, 2619 MHz, 394.83 W, 100 %, 88225 MiB
2026/09/15 20:57:43.237, 0, 1140 MHz, 2619 MHz, 396.23 W, 100 %, 88225 MiB
2026/09/15 20:57:43.337, 0, 1215 MHz, 2619 MHz, 395.41 W, 91 %, 88225 MiB
2026/09/15 20:57:43.438, 0, 1050 MHz, 2619 MHz, 394.49 W, 91 %, 88225 MiB
2026/09/15 20:57:43.538, 0, 990 MHz, 2619 MHz, 397.97 W, 95 %, 88225 MiB
2026/09/15 20:57:43.638, 0, 1065 MHz, 2619 MHz, 399.60 W, 95 %, 88225 MiB
2026/09/15 20:57:43.738, 0, 1005 MHz, 2619 MHz, 400.11 W, 100 %, 88225 MiB
2026/09/15 20:57:43.839, 0, 1005 MHz, 2619 MHz, 400.68 W, 100 %, 88225 MiB
2026/09/15 20:57:43.939, 0, 975 MHz, 2619 MHz, 398.69 W, 90 %, 88225 MiB
2026/09/15 20:57:44.039, 0, 1005 MHz, 2619 MHz, 400.54 W, 90 %, 88225 MiB
2026/09/15 20:57:44.140, 0, 1065 MHz, 2619 MHz, 398.72 W, 100 %, 88225 MiB
2026/09/15 20:57:44.240, 0, 1095 MHz, 2619 MHz, 396.53 W, 100 %, 88225 MiB
2026/09/15 20:57:44.340, 0, 1050 MHz, 2619 MHz, 398.24 W, 100 %, 88225 MiB
2026/09/15 20:57:44.441, 0, 1050 MHz, 2619 MHz, 394.29 W, 100 %, 88225 MiB
2026/09/15 20:57:44.541, 0, 990 MHz, 2619 MHz, 397.08 W, 89 %, 88225 MiB
2026/09/15 20:57:44.641, 0, 975 MHz, 2619 MHz, 398.43 W, 89 %, 88225 MiB
2026/09/15 20:57:44.742, 0, 990 MHz, 2619 MHz, 393.70 W, 91 %, 88225 MiB
2026/09/15 20:57:44.842, 0, 1020 MHz, 2619 MHz, 396.22 W, 91 %, 88225 MiB
2026/09/15 20:57:44.942, 0, 960 MHz, 2619 MHz, 397.77 W, 100 %, 88225 MiB
2026/09/15 20:57:45.043, 0, 945 MHz, 2619 MHz, 399.26 W, 100 %, 88225 MiB
2026/09/15 20:57:45.143, 0, 1005 MHz, 2619 MHz, 398.84 W, 100 %, 88225 MiB
2026/09/15 20:57:45.243, 0, 1020 MHz, 2619 MHz, 399.64 W, 100 %, 88225 MiB
2026/09/15 20:57:45.343, 0, 1350 MHz, 2619 MHz, 392.26 W, 83 %, 88225 MiB
2026/09/15 20:57:45.444, 0, 1005 MHz, 2619 MHz, 395.12 W, 83 %, 88225 MiB
2026/09/15 20:57:45.544, 0, 1020 MHz, 2619 MHz, 396.54 W, 100 %, 88225 MiB
2026/09/15 20:57:45.644, 0, 900 MHz, 2619 MHz, 396.11 W, 100 %, 88225 MiB
2026/09/15 20:57:45.745, 0, 1005 MHz, 2619 MHz, 399.98 W, 100 %, 88225 MiB
2026/09/15 20:57:45.845, 0, 960 MHz, 2619 MHz, 397.91 W, 100 %, 88225 MiB
2026/09/15 20:57:45.945, 0, 1245 MHz, 2619 MHz, 395.49 W, 85 %, 88225 MiB
2026/09/15 20:57:46.046, 0, 1020 MHz, 2619 MHz, 396.99 W, 85 %, 88225 MiB
2026/09/15 20:57:46.146, 0, 1005 MHz, 2619 MHz, 397.77 W, 100 %, 88225 MiB
2026/09/15 20:57:46.246, 0, 915 MHz, 2619 MHz, 395.28 W, 100 %, 88225 MiB
2026/09/15 20:57:46.409, 0, 990 MHz, 2619 MHz, 397.86 W, 100 %, 88225 MiB
2026/09/15 20:57:46.510, 0, 1275 MHz, 2619 MHz, 395.60 W, 82 %, 88225 MiB
2026/09/15 20:57:46.610, 0, 990 MHz, 2619 MHz, 397.14 W, 82 %, 88225 MiB
2026/09/15 20:57:46.710, 0, 990 MHz, 2619 MHz, 397.41 W, 100 %, 88225 MiB
2026/09/15 20:57:46.810, 0, 975 MHz, 2619 MHz, 395.36 W, 100 %, 88225 MiB
2026/09/15 20:57:46.911, 0, 1050 MHz, 2619 MHz, 398.30 W, 100 %, 88225 MiB
2026/09/15 20:57:47.011, 0, 1050 MHz, 2619 MHz, 397.43 W, 100 %, 88225 MiB
2026/09/15 20:57:47.111, 0, 1005 MHz, 2619 MHz, 396.35 W, 88 %, 88225 MiB
2026/09/15 20:57:47.211, 0, 990 MHz, 2619 MHz, 397.36 W, 88 %, 88225 MiB
2026/09/15 20:57:47.312, 0, 990 MHz, 2619 MHz, 398.30 W, 100 %, 88225 MiB
2026/09/15 20:57:47.412, 0, 1005 MHz, 2619 MHz, 396.02 W, 100 %, 88225 MiB
2026/09/15 20:57:47.512, 0, 990 MHz, 2619 MHz, 398.80 W, 100 %, 88225 MiB
2026/09/15 20:57:47.612, 0, 1020 MHz, 2619 MHz, 397.29 W, 100 %, 88225 MiB
2026/09/15 20:57:47.713, 0, 945 MHz, 2619 MHz, 397.54 W, 100 %, 88225 MiB
2026/09/15 20:57:47.813, 0, 960 MHz, 2619 MHz, 398.60 W, 100 %, 88225 MiB
2026/09/15 20:57:47.913, 0, 915 MHz, 2619 MHz, 398.32 W, 100 %, 88225 MiB
2026/09/15 20:57:48.013, 0, 1005 MHz, 2619 MHz, 397.19 W, 100 %, 88225 MiB
2026/09/15 20:57:48.113, 0, 990 MHz, 2619 MHz, 397.38 W, 100 %, 88225 MiB
2026/09/15 20:57:48.213, 0, 1350 MHz, 2619 MHz, 393.76 W, 100 %, 88225 MiB
2026/09/15 20:57:48.313, 0, 1005 MHz, 2619 MHz, 395.70 W, 100 %, 88225 MiB
2026/09/15 20:57:48.413, 0, 1020 MHz, 2619 MHz, 397.61 W, 100 %, 88225 MiB
2026/09/15 20:57:48.514, 0, 1020 MHz, 2619 MHz, 396.86 W, 100 %, 88225 MiB
2026/09/15 20:57:48.614, 0, 975 MHz, 2619 MHz, 397.10 W, 100 %, 88225 MiB
2026/09/15 20:57:48.714, 0, 1005 MHz, 2619 MHz, 397.32 W, 100 %, 88225 MiB
2026/09/15 20:57:48.814, 0, 975 MHz, 2619 MHz, 397.91 W, 100 %, 88225 MiB
2026/09/15 20:57:48.914, 0, 960 MHz, 2619 MHz, 398.40 W, 100 %, 88225 MiB
2026/09/15 20:57:49.014, 0, 1005 MHz, 2619 MHz, 398.19 W, 100 %, 88225 MiB
2026/09/15 20:57:49.114, 0, 945 MHz, 2619 MHz, 396.95 W, 100 %, 88225 MiB
2026/09/15 20:57:49.214, 0, 990 MHz, 2619 MHz, 401.84 W, 100 %, 88225 MiB
2026/09/15 20:57:49.315, 0, 1020 MHz, 2619 MHz, 398.34 W, 100 %, 88225 MiB
2026/09/15 20:57:49.415, 0, 1095 MHz, 2619 MHz, 396.83 W, 100 %, 88225 MiB
2026/09/15 20:57:49.515, 0, 1005 MHz, 2619 MHz, 397.70 W, 100 %, 88225 MiB
2026/09/15 20:57:49.615, 0, 1035 MHz, 2619 MHz, 397.58 W, 100 %, 88225 MiB
2026/09/15 20:57:49.715, 0, 975 MHz, 2619 MHz, 398.32 W, 100 %, 88225 MiB
2026/09/15 20:57:49.815, 0, 975 MHz, 2619 MHz, 398.40 W, 100 %, 88225 MiB
2026/09/15 20:57:49.915, 0, 975 MHz, 2619 MHz, 398.48 W, 100 %, 88225 MiB
2026/09/15 20:57:50.015, 0, 960 MHz, 2619 MHz, 397.82 W, 100 %, 88225 MiB
2026/09/15 20:57:50.116, 0, 975 MHz, 2619 MHz, 399.03 W, 100 %, 88225 MiB
2026/09/15 20:57:50.216, 0, 900 MHz, 2619 MHz, 399.22 W, 100 %, 88225 MiB
2026/09/15 20:57:50.316, 0, 975 MHz, 2619 MHz, 397.53 W, 100 %, 88225 MiB
2026/09/15 20:57:50.416, 0, 1005 MHz, 2619 MHz, 399.63 W, 100 %, 88225 MiB
2026/09/15 20:57:50.516, 0, 1395 MHz, 2619 MHz, 392.57 W, 80 %, 88225 MiB
2026/09/15 20:57:50.616, 0, 1035 MHz, 2619 MHz, 395.92 W, 80 %, 88225 MiB
2026/09/15 20:57:50.716, 0, 1020 MHz, 2619 MHz, 396.56 W, 100 %, 88225 MiB
2026/09/15 20:57:50.816, 0, 990 MHz, 2619 MHz, 396.74 W, 100 %, 88225 MiB
2026/09/15 20:57:50.917, 0, 975 MHz, 2619 MHz, 396.79 W, 100 %, 88225 MiB
2026/09/15 20:57:51.017, 0, 1005 MHz, 2619 MHz, 397.52 W, 100 %, 88225 MiB
2026/09/15 20:57:51.117, 0, 960 MHz, 2619 MHz, 397.77 W, 100 %, 88225 MiB
2026/09/15 20:57:51.217, 0, 975 MHz, 2619 MHz, 396.83 W, 100 %, 88225 MiB
2026/09/15 20:57:51.317, 0, 960 MHz, 2619 MHz, 398.09 W, 100 %, 88225 MiB
2026/09/15 20:57:51.417, 0, 930 MHz, 2619 MHz, 396.37 W, 100 %, 88225 MiB
2026/09/15 20:57:51.517, 0, 990 MHz, 2619 MHz, 401.66 W, 100 %, 88225 MiB
2026/09/15 20:57:51.618, 0, 1035 MHz, 2619 MHz, 397.86 W, 100 %, 88225 MiB
2026/09/15 20:57:51.718, 0, 1140 MHz, 2619 MHz, 395.77 W, 80 %, 88225 MiB
2026/09/15 20:57:51.818, 0, 1035 MHz, 2619 MHz, 396.63 W, 80 %, 88225 MiB
2026/09/15 20:57:51.919, 0, 990 MHz, 2619 MHz, 397.79 W, 100 %, 88225 MiB
2026/09/15 20:57:52.019, 0, 990 MHz, 2619 MHz, 397.48 W, 100 %, 88225 MiB
2026/09/15 20:57:52.119, 0, 960 MHz, 2619 MHz, 397.84 W, 100 %, 88225 MiB
2026/09/15 20:57:52.220, 0, 960 MHz, 2619 MHz, 398.51 W, 100 %, 88225 MiB
2026/09/15 20:57:52.321, 0, 930 MHz, 2619 MHz, 397.59 W, 100 %, 88225 MiB
2026/09/15 20:57:52.421, 0, 975 MHz, 2619 MHz, 398.79 W, 100 %, 88225 MiB
2026/09/15 20:57:52.521, 0, 885 MHz, 2619 MHz, 398.54 W, 100 %, 88225 MiB
2026/09/15 20:57:52.622, 0, 1020 MHz, 2619 MHz, 397.50 W, 100 %, 88225 MiB
2026/09/15 20:57:52.722, 0, 1005 MHz, 2619 MHz, 398.71 W, 100 %, 88225 MiB
2026/09/15 20:57:52.822, 0, 990 MHz, 2619 MHz, 398.11 W, 100 %, 88225 MiB
2026/09/15 20:57:52.923, 0, 1035 MHz, 2619 MHz, 397.76 W, 100 %, 88225 MiB
2026/09/15 20:57:53.023, 0, 975 MHz, 2619 MHz, 398.64 W, 100 %, 88225 MiB
2026/09/15 20:57:53.123, 0, 990 MHz, 2619 MHz, 398.48 W, 100 %, 88225 MiB
2026/09/15 20:57:53.223, 0, 960 MHz, 2619 MHz, 398.59 W, 100 %, 88225 MiB
2026/09/15 20:57:53.324, 0, 945 MHz, 2619 MHz, 399.41 W, 100 %, 88225 MiB
2026/09/15 20:57:53.424, 0, 915 MHz, 2619 MHz, 399.44 W, 100 %, 88225 MiB
2026/09/15 20:57:53.524, 0, 975 MHz, 2619 MHz, 398.55 W, 100 %, 88225 MiB
2026/09/15 20:57:53.625, 0, 945 MHz, 2619 MHz, 399.75 W, 100 %, 88225 MiB
2026/09/15 20:57:53.725, 0, 1005 MHz, 2619 MHz, 398.98 W, 100 %, 88225 MiB
2026/09/15 20:57:53.825, 0, 1005 MHz, 2619 MHz, 398.61 W, 100 %, 88225 MiB
2026/09/15 20:57:53.926, 0, 1050 MHz, 2619 MHz, 398.63 W, 100 %, 88225 MiB
2026/09/15 20:57:54.026, 0, 1110 MHz, 2619 MHz, 398.37 W, 100 %, 88225 MiB
2026/09/15 20:57:54.126, 0, 990 MHz, 2619 MHz, 398.61 W, 100 %, 88225 MiB
2026/09/15 20:57:54.226, 0, 1005 MHz, 2619 MHz, 398.62 W, 100 %, 88225 MiB
2026/09/15 20:57:54.327, 0, 945 MHz, 2619 MHz, 398.68 W, 100 %, 88225 MiB
2026/09/15 20:57:54.427, 0, 990 MHz, 2619 MHz, 398.64 W, 100 %, 88225 MiB
2026/09/15 20:57:54.527, 0, 945 MHz, 2619 MHz, 399.55 W, 100 %, 88225 MiB
2026/09/15 20:57:54.628, 0, 990 MHz, 2619 MHz, 399.17 W, 100 %, 88225 MiB
2026/09/15 20:57:54.728, 0, 960 MHz, 2619 MHz, 399.76 W, 100 %, 88225 MiB
2026/09/15 20:57:54.828, 0, 990 MHz, 2619 MHz, 399.10 W, 100 %, 88225 MiB
2026/09/15 20:57:54.929, 0, 990 MHz, 2619 MHz, 398.06 W, 100 %, 88225 MiB
2026/09/15 20:57:55.029, 0, 1005 MHz, 2619 MHz, 398.80 W, 100 %, 88225 MiB
2026/09/15 20:57:55.129, 0, 990 MHz, 2619 MHz, 398.04 W, 100 %, 88225 MiB
2026/09/15 20:57:55.229, 0, 975 MHz, 2619 MHz, 398.46 W, 100 %, 88225 MiB
2026/09/15 20:57:55.330, 0, 975 MHz, 2619 MHz, 398.24 W, 100 %, 88225 MiB
2026/09/15 20:57:55.430, 0, 960 MHz, 2619 MHz, 398.89 W, 100 %, 88225 MiB
2026/09/15 20:57:55.530, 0, 960 MHz, 2619 MHz, 398.47 W, 100 %, 88225 MiB
2026/09/15 20:57:55.630, 0, 960 MHz, 2619 MHz, 398.85 W, 100 %, 88225 MiB
2026/09/15 20:57:55.730, 0, 990 MHz, 2619 MHz, 398.30 W, 100 %, 88225 MiB
2026/09/15 20:57:55.830, 0, 960 MHz, 2619 MHz, 397.99 W, 100 %, 88225 MiB
2026/09/15 20:57:55.930, 0, 975 MHz, 2619 MHz, 398.91 W, 100 %, 88225 MiB
2026/09/15 20:57:56.031, 0, 990 MHz, 2619 MHz, 398.47 W, 100 %, 88225 MiB
2026/09/15 20:57:56.131, 0, 990 MHz, 2619 MHz, 399.01 W, 100 %, 88225 MiB
2026/09/15 20:57:56.231, 0, 990 MHz, 2619 MHz, 398.58 W, 100 %, 88225 MiB
2026/09/15 20:57:56.331, 0, 1425 MHz, 2619 MHz, 397.38 W, 78 %, 88225 MiB
2026/09/15 20:57:56.431, 0, 915 MHz, 2619 MHz, 398.23 W, 78 %, 88225 MiB
2026/09/15 20:57:56.531, 0, 1005 MHz, 2619 MHz, 398.32 W, 100 %, 88225 MiB
2026/09/15 20:57:56.632, 0, 960 MHz, 2619 MHz, 398.52 W, 100 %, 88225 MiB
2026/09/15 20:57:56.732, 0, 990 MHz, 2619 MHz, 398.84 W, 100 %, 88225 MiB
2026/09/15 20:57:56.832, 0, 960 MHz, 2619 MHz, 398.96 W, 100 %, 88225 MiB
2026/09/15 20:57:56.932, 0, 990 MHz, 2619 MHz, 398.77 W, 100 %, 88225 MiB
2026/09/15 20:57:57.032, 0, 960 MHz, 2619 MHz, 398.72 W, 100 %, 88225 MiB
2026/09/15 20:57:57.132, 0, 1005 MHz, 2619 MHz, 397.55 W, 100 %, 88225 MiB
2026/09/15 20:57:57.232, 0, 990 MHz, 2619 MHz, 396.10 W, 100 %, 88225 MiB
2026/09/15 20:57:57.333, 0, 1020 MHz, 2619 MHz, 399.86 W, 100 %, 88225 MiB
2026/09/15 20:57:57.433, 0, 975 MHz, 2619 MHz, 397.64 W, 100 %, 88225 MiB
2026/09/15 20:57:57.533, 0, 975 MHz, 2619 MHz, 398.67 W, 100 %, 88225 MiB
2026/09/15 20:57:57.633, 0, 960 MHz, 2619 MHz, 398.67 W, 100 %, 88225 MiB
2026/09/15 20:57:57.734, 0, 960 MHz, 2619 MHz, 398.81 W, 100 %, 88225 MiB
2026/09/15 20:57:57.834, 0, 975 MHz, 2619 MHz, 398.84 W, 100 %, 88225 MiB
2026/09/15 20:57:57.934, 0, 975 MHz, 2619 MHz, 398.89 W, 100 %, 88225 MiB
2026/09/15 20:57:58.035, 0, 990 MHz, 2619 MHz, 398.35 W, 100 %, 88225 MiB
2026/09/15 20:57:58.135, 0, 915 MHz, 2619 MHz, 397.25 W, 100 %, 88225 MiB
2026/09/15 20:57:58.235, 0, 975 MHz, 2619 MHz, 399.43 W, 100 %, 88225 MiB
2026/09/15 20:57:58.335, 0, 960 MHz, 2619 MHz, 398.49 W, 100 %, 88225 MiB
2026/09/15 20:57:58.436, 0, 990 MHz, 2619 MHz, 398.33 W, 100 %, 88225 MiB
2026/09/15 20:57:58.536, 0, 960 MHz, 2619 MHz, 398.11 W, 100 %, 88225 MiB
2026/09/15 20:57:58.636, 0, 1455 MHz, 2619 MHz, 392.96 W, 100 %, 88225 MiB
2026/09/15 20:57:58.737, 0, 1065 MHz, 2619 MHz, 395.83 W, 100 %, 88225 MiB
2026/09/15 20:57:58.837, 0, 1005 MHz, 2619 MHz, 396.45 W, 100 %, 88225 MiB
2026/09/15 20:57:58.937, 0, 975 MHz, 2619 MHz, 396.93 W, 100 %, 88225 MiB
2026/09/15 20:57:59.037, 0, 990 MHz, 2619 MHz, 397.23 W, 100 %, 88225 MiB
2026/09/15 20:57:59.138, 0, 945 MHz, 2619 MHz, 398.26 W, 100 %, 88225 MiB
2026/09/15 20:57:59.238, 0, 1005 MHz, 2619 MHz, 398.08 W, 100 %, 88225 MiB
2026/09/15 20:57:59.338, 0, 960 MHz, 2619 MHz, 398.11 W, 100 %, 88225 MiB
2026/09/15 20:57:59.438, 0, 990 MHz, 2619 MHz, 398.27 W, 100 %, 88225 MiB
2026/09/15 20:57:59.539, 0, 885 MHz, 2619 MHz, 395.58 W, 100 %, 88225 MiB
2026/09/15 20:57:59.639, 0, 975 MHz, 2619 MHz, 401.62 W, 100 %, 88225 MiB
2026/09/15 20:57:59.739, 0, 975 MHz, 2619 MHz, 398.39 W, 100 %, 88225 MiB
2026/09/15 20:57:59.840, 0, 1020 MHz, 2619 MHz, 397.81 W, 100 %, 88225 MiB
2026/09/15 20:57:59.940, 0, 975 MHz, 2619 MHz, 397.88 W, 100 %, 88225 MiB
2026/09/15 20:58:00.040, 0, 1005 MHz, 2619 MHz, 397.96 W, 100 %, 88225 MiB
2026/09/15 20:58:00.141, 0, 960 MHz, 2619 MHz, 398.36 W, 100 %, 88225 MiB
2026/09/15 20:58:00.241, 0, 990 MHz, 2619 MHz, 398.62 W, 100 %, 88225 MiB
2026/09/15 20:58:00.341, 0, 960 MHz, 2619 MHz, 398.65 W, 100 %, 88225 MiB
2026/09/15 20:58:00.441, 0, 945 MHz, 2619 MHz, 397.84 W, 100 %, 88225 MiB
2026/09/15 20:58:00.542, 0, 930 MHz, 2619 MHz, 398.51 W, 100 %, 88225 MiB
2026/09/15 20:58:00.642, 0, 975 MHz, 2619 MHz, 399.26 W, 100 %, 88225 MiB
2026/09/15 20:58:00.742, 0, 990 MHz, 2619 MHz, 398.89 W, 100 %, 88225 MiB
2026/09/15 20:58:00.843, 0, 990 MHz, 2619 MHz, 399.40 W, 100 %, 88225 MiB
2026/09/15 20:58:00.943, 0, 1110 MHz, 2619 MHz, 394.51 W, 83 %, 88225 MiB
2026/09/15 20:58:01.043, 0, 1050 MHz, 2619 MHz, 398.13 W, 83 %, 88225 MiB
2026/09/15 20:58:01.144, 0, 1020 MHz, 2619 MHz, 398.92 W, 100 %, 88225 MiB
2026/09/15 20:58:01.244, 0, 1035 MHz, 2619 MHz, 395.13 W, 100 %, 88225 MiB
2026/09/15 20:58:01.344, 0, 1035 MHz, 2619 MHz, 397.90 W, 92 %, 88225 MiB
2026/09/15 20:58:01.444, 0, 1005 MHz, 2619 MHz, 398.56 W, 92 %, 88225 MiB
2026/09/15 20:58:01.545, 0, 1005 MHz, 2619 MHz, 395.73 W, 100 %, 88225 MiB
2026/09/15 20:58:01.645, 0, 1005 MHz, 2619 MHz, 398.57 W, 100 %, 88225 MiB
2026/09/15 20:58:01.745, 0, 1035 MHz, 2619 MHz, 398.42 W, 100 %, 88225 MiB
2026/09/15 20:58:01.846, 0, 915 MHz, 2619 MHz, 394.55 W, 100 %, 88225 MiB
2026/09/15 20:58:01.946, 0, 1080 MHz, 2619 MHz, 399.98 W, 85 %, 88225 MiB
2026/09/15 20:58:02.046, 0, 1035 MHz, 2619 MHz, 396.95 W, 85 %, 88225 MiB
2026/09/15 20:58:02.147, 0, 930 MHz, 2619 MHz, 394.76 W, 100 %, 88225 MiB
2026/09/15 20:58:02.247, 0, 1395 MHz, 2619 MHz, 398.93 W, 100 %, 88225 MiB
2026/09/15 20:58:02.347, 0, 1005 MHz, 2619 MHz, 397.73 W, 100 %, 88225 MiB
2026/09/15 20:58:02.447, 0, 900 MHz, 2619 MHz, 396.60 W, 100 %, 88225 MiB
2026/09/15 20:58:02.548, 0, 1005 MHz, 2619 MHz, 396.56 W, 100 %, 88225 MiB
2026/09/15 20:58:02.648, 0, 1035 MHz, 2619 MHz, 397.20 W, 100 %, 88225 MiB
2026/09/15 20:58:02.748, 0, 915 MHz, 2619 MHz, 396.54 W, 100 %, 88225 MiB
2026/09/15 20:58:02.849, 0, 1170 MHz, 2619 MHz, 397.09 W, 100 %, 88225 MiB
2026/09/15 20:58:02.949, 0, 1005 MHz, 2619 MHz, 396.39 W, 100 %, 88225 MiB
2026/09/15 20:58:03.049, 0, 1005 MHz, 2619 MHz, 395.51 W, 100 %, 88225 MiB
2026/09/15 20:58:03.149, 0, 1050 MHz, 2619 MHz, 395.75 W, 100 %, 88225 MiB
2026/09/15 20:58:03.250, 0, 1050 MHz, 2619 MHz, 399.05 W, 100 %, 88225 MiB
2026/09/15 20:58:03.350, 0, 975 MHz, 2619 MHz, 395.98 W, 100 %, 88225 MiB
2026/09/15 20:58:03.450, 0, 1245 MHz, 2619 MHz, 394.20 W, 100 %, 88225 MiB
2026/09/15 20:58:03.550, 0, 1020 MHz, 2619 MHz, 396.40 W, 100 %, 88225 MiB
2026/09/15 20:58:03.651, 0, 990 MHz, 2619 MHz, 396.85 W, 100 %, 88225 MiB
2026/09/15 20:58:03.751, 0, 975 MHz, 2619 MHz, 396.55 W, 100 %, 88225 MiB
2026/09/15 20:58:03.851, 0, 1005 MHz, 2619 MHz, 400.09 W, 100 %, 88225 MiB
2026/09/15 20:58:03.952, 0, 975 MHz, 2619 MHz, 399.27 W, 100 %, 88225 MiB
2026/09/15 20:58:04.052, 0, 1005 MHz, 2619 MHz, 396.03 W, 100 %, 88225 MiB
2026/09/15 20:58:04.152, 0, 1005 MHz, 2619 MHz, 398.91 W, 100 %, 88225 MiB
2026/09/15 20:58:04.253, 0, 1005 MHz, 2619 MHz, 398.43 W, 100 %, 88225 MiB
2026/09/15 20:58:04.353, 0, 1005 MHz, 2619 MHz, 397.73 W, 100 %, 88225 MiB
2026/09/15 20:58:04.453, 0, 990 MHz, 2619 MHz, 401.03 W, 100 %, 88225 MiB
2026/09/15 20:58:04.554, 0, 1035 MHz, 2619 MHz, 399.60 W, 100 %, 88225 MiB
2026/09/15 20:58:04.654, 0, 975 MHz, 2619 MHz, 394.60 W, 100 %, 88225 MiB
2026/09/15 20:58:04.754, 0, 1035 MHz, 2619 MHz, 398.27 W, 85 %, 88225 MiB
2026/09/15 20:58:04.854, 0, 1005 MHz, 2619 MHz, 398.72 W, 85 %, 88225 MiB
2026/09/15 20:58:04.955, 0, 930 MHz, 2619 MHz, 396.97 W, 100 %, 88225 MiB
2026/09/15 20:58:05.055, 0, 975 MHz, 2619 MHz, 399.71 W, 100 %, 88225 MiB
2026/09/15 20:58:05.155, 0, 990 MHz, 2619 MHz, 398.62 W, 100 %, 88225 MiB
2026/09/15 20:58:05.256, 0, 1005 MHz, 2619 MHz, 397.93 W, 100 %, 88225 MiB
2026/09/15 20:58:05.356, 0, 1005 MHz, 2619 MHz, 398.55 W, 100 %, 88225 MiB
2026/09/15 20:58:05.456, 0, 960 MHz, 2619 MHz, 397.97 W, 100 %, 88225 MiB
2026/09/15 20:58:05.557, 0, 900 MHz, 2619 MHz, 396.72 W, 100 %, 88225 MiB
2026/09/15 20:58:05.657, 0, 990 MHz, 2619 MHz, 398.89 W, 100 %, 88225 MiB
2026/09/15 20:58:05.757, 0, 975 MHz, 2619 MHz, 397.66 W, 100 %, 88225 MiB
2026/09/15 20:58:05.858, 0, 990 MHz, 2619 MHz, 397.36 W, 100 %, 88225 MiB
2026/09/15 20:58:05.958, 0, 1155 MHz, 2619 MHz, 397.52 W, 84 %, 88225 MiB
2026/09/15 20:58:06.058, 0, 1050 MHz, 2619 MHz, 398.55 W, 84 %, 88225 MiB
2026/09/15 20:58:06.158, 0, 990 MHz, 2619 MHz, 397.91 W, 100 %, 88225 MiB
2026/09/15 20:58:06.259, 0, 975 MHz, 2619 MHz, 398.04 W, 100 %, 88225 MiB
2026/09/15 20:58:06.359, 0, 975 MHz, 2619 MHz, 397.40 W, 100 %, 88225 MiB
2026/09/15 20:58:06.459, 0, 960 MHz, 2619 MHz, 398.11 W, 100 %, 88225 MiB
2026/09/15 20:58:06.560, 0, 1005 MHz, 2619 MHz, 398.57 W, 100 %, 88225 MiB
2026/09/15 20:58:06.660, 0, 960 MHz, 2619 MHz, 399.80 W, 100 %, 88225 MiB
2026/09/15 20:58:06.760, 0, 915 MHz, 2619 MHz, 399.04 W, 100 %, 88225 MiB
2026/09/15 20:58:06.861, 0, 1005 MHz, 2619 MHz, 397.01 W, 100 %, 88225 MiB
2026/09/15 20:58:06.961, 0, 990 MHz, 2619 MHz, 399.39 W, 100 %, 88225 MiB
2026/09/15 20:58:07.061, 0, 975 MHz, 2619 MHz, 398.22 W, 100 %, 88225 MiB
2026/09/15 20:58:07.162, 0, 1140 MHz, 2619 MHz, 394.95 W, 83 %, 88225 MiB
2026/09/15 20:58:07.262, 0, 1020 MHz, 2619 MHz, 397.48 W, 83 %, 88225 MiB
2026/09/15 20:58:07.362, 0, 1005 MHz, 2619 MHz, 398.31 W, 100 %, 88225 MiB
2026/09/15 20:58:07.463, 0, 960 MHz, 2619 MHz, 398.05 W, 100 %, 88225 MiB
2026/09/15 20:58:07.563, 0, 960 MHz, 2619 MHz, 397.96 W, 100 %, 88225 MiB
2026/09/15 20:58:07.663, 0, 960 MHz, 2619 MHz, 397.83 W, 100 %, 88225 MiB
2026/09/15 20:58:07.764, 0, 930 MHz, 2619 MHz, 397.43 W, 100 %, 88225 MiB
2026/09/15 20:58:07.864, 0, 960 MHz, 2619 MHz, 398.55 W, 100 %, 88225 MiB
2026/09/15 20:58:07.964, 0, 960 MHz, 2619 MHz, 398.40 W, 100 %, 88225 MiB
2026/09/15 20:58:08.064, 0, 915 MHz, 2619 MHz, 397.17 W, 100 %, 88225 MiB
2026/09/15 20:58:08.165, 0, 990 MHz, 2619 MHz, 400.50 W, 100 %, 88225 MiB
2026/09/15 20:58:08.265, 0, 975 MHz, 2619 MHz, 397.49 W, 100 %, 88225 MiB
2026/09/15 20:58:08.365, 0, 990 MHz, 2619 MHz, 396.94 W, 100 %, 88225 MiB
2026/09/15 20:58:08.466, 0, 1050 MHz, 2619 MHz, 396.18 W, 100 %, 88225 MiB
2026/09/15 20:58:08.566, 0, 1005 MHz, 2619 MHz, 396.50 W, 100 %, 88225 MiB
2026/09/15 20:58:08.666, 0, 990 MHz, 2619 MHz, 396.88 W, 100 %, 88225 MiB
2026/09/15 20:58:08.767, 0, 930 MHz, 2619 MHz, 397.24 W, 100 %, 88225 MiB
2026/09/15 20:58:08.867, 0, 960 MHz, 2619 MHz, 397.39 W, 100 %, 88225 MiB
2026/09/15 20:58:08.967, 0, 960 MHz, 2619 MHz, 397.36 W, 100 %, 88225 MiB
2026/09/15 20:58:09.068, 0, 1005 MHz, 2619 MHz, 398.27 W, 100 %, 88225 MiB
2026/09/15 20:58:09.168, 0, 990 MHz, 2619 MHz, 399.03 W, 100 %, 88225 MiB
2026/09/15 20:58:09.268, 0, 900 MHz, 2619 MHz, 397.91 W, 100 %, 88225 MiB
2026/09/15 20:58:09.369, 0, 1035 MHz, 2619 MHz, 396.72 W, 100 %, 88225 MiB
2026/09/15 20:58:09.469, 0, 975 MHz, 2619 MHz, 398.59 W, 100 %, 88225 MiB
2026/09/15 20:58:09.569, 0, 990 MHz, 2619 MHz, 397.67 W, 100 %, 88225 MiB
2026/09/15 20:58:09.669, 0, 1410 MHz, 2619 MHz, 393.45 W, 100 %, 88225 MiB
2026/09/15 20:58:09.770, 0, 975 MHz, 2619 MHz, 396.46 W, 99 %, 88225 MiB
2026/09/15 20:58:09.870, 0, 1005 MHz, 2619 MHz, 398.02 W, 99 %, 88225 MiB
2026/09/15 20:58:09.970, 0, 990 MHz, 2619 MHz, 398.14 W, 100 %, 88225 MiB
2026/09/15 20:58:10.071, 0, 975 MHz, 2619 MHz, 397.76 W, 100 %, 88225 MiB
2026/09/15 20:58:10.171, 0, 975 MHz, 2619 MHz, 397.29 W, 100 %, 88225 MiB
2026/09/15 20:58:10.271, 0, 945 MHz, 2619 MHz, 397.40 W, 100 %, 88225 MiB
2026/09/15 20:58:10.371, 0, 945 MHz, 2619 MHz, 398.82 W, 100 %, 88225 MiB
2026/09/15 20:58:10.472, 0, 945 MHz, 2619 MHz, 397.44 W, 100 %, 88225 MiB
2026/09/15 20:58:10.572, 0, 900 MHz, 2619 MHz, 395.83 W, 100 %, 88225 MiB
2026/09/15 20:58:10.672, 0, 975 MHz, 2619 MHz, 399.64 W, 100 %, 88225 MiB
2026/09/15 20:58:10.773, 0, 960 MHz, 2619 MHz, 396.24 W, 100 %, 88225 MiB
2026/09/15 20:58:10.873, 0, 975 MHz, 2619 MHz, 395.80 W, 100 %, 88225 MiB
2026/09/15 20:58:10.973, 0, 1005 MHz, 2619 MHz, 396.30 W, 100 %, 88225 MiB
2026/09/15 20:58:11.074, 0, 990 MHz, 2619 MHz, 396.46 W, 100 %, 88225 MiB
2026/09/15 20:58:11.174, 0, 975 MHz, 2619 MHz, 396.23 W, 100 %, 88225 MiB
2026/09/15 20:58:11.274, 0, 975 MHz, 2619 MHz, 396.34 W, 100 %, 88225 MiB
2026/09/15 20:58:11.375, 0, 960 MHz, 2619 MHz, 396.63 W, 100 %, 88225 MiB
2026/09/15 20:58:11.475, 0, 930 MHz, 2619 MHz, 396.16 W, 100 %, 88225 MiB
2026/09/15 20:58:11.575, 0, 930 MHz, 2619 MHz, 397.19 W, 100 %, 88225 MiB
2026/09/15 20:58:11.675, 0, 960 MHz, 2619 MHz, 397.37 W, 100 %, 88225 MiB
2026/09/15 20:58:11.776, 0, 945 MHz, 2619 MHz, 396.94 W, 100 %, 88225 MiB
2026/09/15 20:58:11.876, 0, 930 MHz, 2619 MHz, 396.46 W, 100 %, 88225 MiB
2026/09/15 20:58:11.976, 0, 945 MHz, 2619 MHz, 394.86 W, 100 %, 88225 MiB
2026/09/15 20:58:12.077, 0, 945 MHz, 2619 MHz, 394.41 W, 100 %, 88225 MiB
2026/09/15 20:58:12.177, 0, 1005 MHz, 2619 MHz, 389.71 W, 100 %, 88225 MiB
2026/09/15 20:58:12.277, 0, 1020 MHz, 2619 MHz, 392.95 W, 100 %, 88225 MiB
2026/09/15 20:58:12.378, 0, 975 MHz, 2619 MHz, 392.73 W, 100 %, 88225 MiB
2026/09/15 20:58:12.478, 0, 945 MHz, 2619 MHz, 394.55 W, 100 %, 88225 MiB
2026/09/15 20:58:12.578, 0, 945 MHz, 2619 MHz, 394.39 W, 100 %, 88225 MiB
2026/09/15 20:58:12.679, 0, 945 MHz, 2619 MHz, 394.70 W, 100 %, 88225 MiB
2026/09/15 20:58:12.779, 0, 945 MHz, 2619 MHz, 394.56 W, 100 %, 88225 MiB
2026/09/15 20:58:12.879, 0, 945 MHz, 2619 MHz, 395.22 W, 100 %, 88225 MiB
2026/09/15 20:58:12.979, 0, 945 MHz, 2619 MHz, 395.90 W, 100 %, 88225 MiB
2026/09/15 20:58:13.080, 0, 870 MHz, 2619 MHz, 396.02 W, 100 %, 88225 MiB
2026/09/15 20:58:13.180, 0, 960 MHz, 2619 MHz, 394.81 W, 100 %, 88225 MiB
2026/09/15 20:58:13.280, 0, 930 MHz, 2619 MHz, 396.63 W, 100 %, 88225 MiB
2026/09/15 20:58:13.381, 0, 975 MHz, 2619 MHz, 395.98 W, 100 %, 88225 MiB
2026/09/15 20:58:13.481, 0, 990 MHz, 2619 MHz, 395.64 W, 100 %, 88225 MiB
2026/09/15 20:58:13.581, 0, 1005 MHz, 2619 MHz, 396.86 W, 100 %, 88225 MiB
2026/09/15 20:58:13.682, 0, 960 MHz, 2619 MHz, 397.38 W, 100 %, 88225 MiB
2026/09/15 20:58:13.782, 0, 960 MHz, 2619 MHz, 397.61 W, 100 %, 88225 MiB
2026/09/15 20:58:13.882, 0, 960 MHz, 2619 MHz, 397.62 W, 100 %, 88225 MiB
2026/09/15 20:58:13.983, 0, 930 MHz, 2619 MHz, 397.09 W, 100 %, 88225 MiB
2026/09/15 20:58:14.083, 0, 945 MHz, 2619 MHz, 396.19 W, 100 %, 88225 MiB
2026/09/15 20:58:14.183, 0, 945 MHz, 2619 MHz, 397.33 W, 100 %, 88225 MiB
2026/09/15 20:58:14.283, 0, 945 MHz, 2619 MHz, 396.63 W, 100 %, 88225 MiB
2026/09/15 20:58:14.384, 0, 945 MHz, 2619 MHz, 396.19 W, 100 %, 88225 MiB
2026/09/15 20:58:14.484, 0, 945 MHz, 2619 MHz, 395.38 W, 100 %, 88225 MiB
2026/09/15 20:58:14.584, 0, 945 MHz, 2619 MHz, 394.22 W, 100 %, 88225 MiB
2026/09/15 20:58:14.685, 0, 945 MHz, 2619 MHz, 393.68 W, 100 %, 88225 MiB
2026/09/15 20:58:14.785, 0, 1155 MHz, 2619 MHz, 391.02 W, 75 %, 88225 MiB
2026/09/15 20:58:14.885, 0, 975 MHz, 2619 MHz, 392.16 W, 75 %, 88225 MiB
2026/09/15 20:58:14.986, 0, 975 MHz, 2619 MHz, 392.03 W, 100 %, 88225 MiB
2026/09/15 20:58:15.086, 0, 960 MHz, 2619 MHz, 392.94 W, 100 %, 88225 MiB
2026/09/15 20:58:15.186, 0, 960 MHz, 2619 MHz, 393.38 W, 100 %, 88225 MiB
2026/09/15 20:58:15.287, 0, 960 MHz, 2619 MHz, 394.30 W, 100 %, 88225 MiB
2026/09/15 20:58:15.387, 0, 1020 MHz, 2619 MHz, 395.22 W, 100 %, 88225 MiB
2026/09/15 20:58:15.487, 0, 975 MHz, 2619 MHz, 396.19 W, 100 %, 88225 MiB
2026/09/15 20:58:15.588, 0, 975 MHz, 2619 MHz, 396.27 W, 100 %, 88225 MiB
2026/09/15 20:58:15.688, 0, 960 MHz, 2619 MHz, 394.44 W, 100 %, 88225 MiB
2026/09/15 20:58:15.788, 0, 975 MHz, 2619 MHz, 398.98 W, 100 %, 88225 MiB
2026/09/15 20:58:15.889, 0, 960 MHz, 2619 MHz, 396.75 W, 100 %, 88225 MiB
2026/09/15 20:58:15.989, 0, 975 MHz, 2619 MHz, 397.24 W, 100 %, 88225 MiB
2026/09/15 20:58:16.089, 0, 945 MHz, 2619 MHz, 397.31 W, 100 %, 88225 MiB
2026/09/15 20:58:16.190, 0, 945 MHz, 2619 MHz, 397.38 W, 100 %, 88225 MiB
2026/09/15 20:58:16.290, 0, 930 MHz, 2619 MHz, 396.64 W, 100 %, 88225 MiB
2026/09/15 20:58:16.390, 0, 945 MHz, 2619 MHz, 396.46 W, 100 %, 88225 MiB
2026/09/15 20:58:16.491, 0, 930 MHz, 2619 MHz, 395.82 W, 100 %, 88225 MiB
2026/09/15 20:58:16.591, 0, 930 MHz, 2619 MHz, 395.22 W, 100 %, 88225 MiB
2026/09/15 20:58:16.691, 0, 930 MHz, 2619 MHz, 396.61 W, 100 %, 88225 MiB
2026/09/15 20:58:16.792, 0, 960 MHz, 2619 MHz, 395.79 W, 100 %, 88225 MiB
2026/09/15 20:58:16.892, 0, 960 MHz, 2619 MHz, 395.98 W, 100 %, 88225 MiB
2026/09/15 20:58:16.992, 0, 990 MHz, 2619 MHz, 396.42 W, 100 %, 88225 MiB
2026/09/15 20:58:17.093, 0, 975 MHz, 2619 MHz, 396.77 W, 100 %, 88225 MiB
2026/09/15 20:58:17.193, 0, 975 MHz, 2619 MHz, 396.16 W, 100 %, 88225 MiB
2026/09/15 20:58:17.293, 0, 1425 MHz, 2619 MHz, 390.42 W, 100 %, 88225 MiB
2026/09/15 20:58:17.393, 0, 1020 MHz, 2619 MHz, 394.35 W, 100 %, 88225 MiB
2026/09/15 20:58:17.494, 0, 990 MHz, 2619 MHz, 395.30 W, 100 %, 88225 MiB
2026/09/15 20:58:17.594, 0, 975 MHz, 2619 MHz, 395.90 W, 100 %, 88225 MiB
2026/09/15 20:58:17.694, 0, 975 MHz, 2619 MHz, 396.56 W, 100 %, 88225 MiB
2026/09/15 20:58:17.795, 0, 975 MHz, 2619 MHz, 397.11 W, 100 %, 88225 MiB
2026/09/15 20:58:17.895, 0, 990 MHz, 2619 MHz, 397.41 W, 100 %, 88225 MiB
2026/09/15 20:58:17.995, 0, 1005 MHz, 2619 MHz, 397.75 W, 100 %, 88225 MiB
2026/09/15 20:58:18.095, 0, 975 MHz, 2619 MHz, 397.32 W, 100 %, 88225 MiB
2026/09/15 20:58:18.196, 0, 915 MHz, 2619 MHz, 396.01 W, 100 %, 88225 MiB
2026/09/15 20:58:18.296, 0, 960 MHz, 2619 MHz, 402.35 W, 100 %, 88225 MiB
2026/09/15 20:58:18.396, 0, 960 MHz, 2619 MHz, 397.83 W, 100 %, 88225 MiB
2026/09/15 20:58:18.497, 0, 975 MHz, 2619 MHz, 396.89 W, 100 %, 88225 MiB
2026/09/15 20:58:18.597, 0, 945 MHz, 2619 MHz, 397.10 W, 100 %, 88225 MiB
2026/09/15 20:58:18.697, 0, 945 MHz, 2619 MHz, 396.62 W, 100 %, 88225 MiB
2026/09/15 20:58:18.797, 0, 945 MHz, 2619 MHz, 396.26 W, 100 %, 88225 MiB
2026/09/15 20:58:18.898, 0, 945 MHz, 2619 MHz, 395.20 W, 100 %, 88225 MiB
2026/09/15 20:58:18.998, 0, 945 MHz, 2619 MHz, 393.74 W, 100 %, 88225 MiB
2026/09/15 20:58:19.098, 0, 930 MHz, 2619 MHz, 392.82 W, 100 %, 88225 MiB
2026/09/15 20:58:19.199, 0, 945 MHz, 2619 MHz, 393.46 W, 100 %, 88225 MiB
2026/09/15 20:58:19.299, 0, 945 MHz, 2619 MHz, 394.37 W, 100 %, 88225 MiB
2026/09/15 20:58:19.399, 0, 945 MHz, 2619 MHz, 393.90 W, 100 %, 88225 MiB
2026/09/15 20:58:19.499, 0, 960 MHz, 2619 MHz, 393.09 W, 100 %, 88225 MiB
2026/09/15 20:58:19.600, 0, 945 MHz, 2619 MHz, 393.46 W, 100 %, 88225 MiB
2026/09/15 20:58:19.700, 0, 960 MHz, 2619 MHz, 393.92 W, 100 %, 88225 MiB
2026/09/15 20:58:19.800, 0, 1110 MHz, 2619 MHz, 388.86 W, 100 %, 88225 MiB
2026/09/15 20:58:19.901, 0, 1095 MHz, 2619 MHz, 392.75 W, 100 %, 88225 MiB
2026/09/15 20:58:20.001, 0, 990 MHz, 2619 MHz, 394.77 W, 100 %, 88225 MiB
2026/09/15 20:58:20.101, 0, 975 MHz, 2619 MHz, 395.64 W, 100 %, 88225 MiB
2026/09/15 20:58:20.201, 0, 975 MHz, 2619 MHz, 396.67 W, 100 %, 88225 MiB
2026/09/15 20:58:20.302, 0, 1035 MHz, 2619 MHz, 397.18 W, 100 %, 88225 MiB
2026/09/15 20:58:20.402, 0, 1005 MHz, 2619 MHz, 398.05 W, 100 %, 88225 MiB
2026/09/15 20:58:20.502, 0, 1065 MHz, 2619 MHz, 397.60 W, 100 %, 88225 MiB
2026/09/15 20:58:20.603, 0, 1065 MHz, 2619 MHz, 398.53 W, 100 %, 88225 MiB
2026/09/15 20:58:20.703, 0, 885 MHz, 2619 MHz, 399.23 W, 100 %, 88225 MiB
2026/09/15 20:58:20.803, 0, 1035 MHz, 2619 MHz, 397.36 W, 100 %, 88225 MiB
2026/09/15 20:58:20.904, 0, 1005 MHz, 2619 MHz, 398.80 W, 100 %, 88225 MiB
2026/09/15 20:58:21.004, 0, 1080 MHz, 2619 MHz, 396.35 W, 100 %, 88225 MiB
2026/09/15 20:58:21.104, 0, 1260 MHz, 2619 MHz, 395.86 W, 75 %, 88225 MiB
2026/09/15 20:58:21.204, 0, 1080 MHz, 2619 MHz, 397.08 W, 75 %, 88225 MiB
2026/09/15 20:58:21.305, 0, 1050 MHz, 2619 MHz, 398.62 W, 100 %, 88225 MiB
2026/09/15 20:58:21.405, 0, 975 MHz, 2619 MHz, 400.64 W, 100 %, 88225 MiB
2026/09/15 20:58:21.505, 0, 1020 MHz, 2619 MHz, 398.64 W, 100 %, 88225 MiB
2026/09/15 20:58:21.606, 0, 1005 MHz, 2619 MHz, 397.45 W, 100 %, 88225 MiB
2026/09/15 20:58:21.706, 0, 990 MHz, 2619 MHz, 396.14 W, 100 %, 88225 MiB
2026/09/15 20:58:21.806, 0, 1005 MHz, 2619 MHz, 396.41 W, 100 %, 88225 MiB
2026/09/15 20:58:21.907, 0, 975 MHz, 2619 MHz, 395.88 W, 100 %, 88225 MiB
2026/09/15 20:58:22.007, 0, 1035 MHz, 2619 MHz, 397.57 W, 100 %, 88225 MiB
2026/09/15 20:58:22.107, 0, 1065 MHz, 2619 MHz, 399.34 W, 100 %, 88225 MiB
2026/09/15 20:58:22.207, 0, 1080 MHz, 2619 MHz, 397.33 W, 100 %, 88225 MiB
2026/09/15 20:58:22.308, 0, 1095 MHz, 2619 MHz, 397.20 W, 100 %, 88225 MiB
2026/09/15 20:58:22.408, 0, 1200 MHz, 2619 MHz, 390.29 W, 100 %, 88225 MiB
2026/09/15 20:58:22.508, 0, 1095 MHz, 2619 MHz, 395.46 W, 77 %, 88225 MiB
2026/09/15 20:58:22.609, 0, 945 MHz, 2619 MHz, 397.30 W, 77 %, 88225 MiB
2026/09/15 20:58:22.709, 0, 1005 MHz, 2619 MHz, 396.91 W, 100 %, 88225 MiB
2026/09/15 20:58:22.809, 0, 1050 MHz, 2619 MHz, 398.02 W, 100 %, 88225 MiB
2026/09/15 20:58:22.910, 0, 960 MHz, 2619 MHz, 400.01 W, 100 %, 88225 MiB
2026/09/15 20:58:23.010, 0, 1005 MHz, 2619 MHz, 399.69 W, 100 %, 88225 MiB
2026/09/15 20:58:23.110, 0, 1245 MHz, 2619 MHz, 393.64 W, 99 %, 88225 MiB
2026/09/15 20:58:23.211, 0, 1125 MHz, 2619 MHz, 397.37 W, 99 %, 88225 MiB
2026/09/15 20:58:23.311, 0, 990 MHz, 2619 MHz, 397.03 W, 100 %, 88225 MiB
2026/09/15 20:58:23.411, 0, 990 MHz, 2619 MHz, 403.67 W, 100 %, 88225 MiB
2026/09/15 20:58:23.511, 0, 1020 MHz, 2619 MHz, 399.15 W, 100 %, 88225 MiB
2026/09/15 20:58:23.612, 0, 1080 MHz, 2619 MHz, 397.35 W, 100 %, 88225 MiB
2026/09/15 20:58:23.712, 0, 1050 MHz, 2619 MHz, 399.45 W, 100 %, 88225 MiB
2026/09/15 20:58:23.812, 0, 990 MHz, 2619 MHz, 401.13 W, 100 %, 88225 MiB
2026/09/15 20:58:23.913, 0, 1020 MHz, 2619 MHz, 398.53 W, 100 %, 88225 MiB
2026/09/15 20:58:24.013, 0, 960 MHz, 2619 MHz, 399.88 W, 100 %, 88225 MiB
2026/09/15 20:58:24.113, 0, 1005 MHz, 2619 MHz, 399.54 W, 100 %, 88225 MiB
2026/09/15 20:58:24.214, 0, 1080 MHz, 2619 MHz, 400.82 W, 100 %, 88225 MiB
2026/09/15 20:58:24.314, 0, 1065 MHz, 2619 MHz, 400.80 W, 100 %, 88225 MiB
2026/09/15 20:58:24.414, 0, 960 MHz, 2619 MHz, 401.04 W, 100 %, 88225 MiB
2026/09/15 20:58:24.515, 0, 1455 MHz, 2619 MHz, 394.59 W, 74 %, 88225 MiB
2026/09/15 20:58:24.615, 0, 1095 MHz, 2619 MHz, 398.11 W, 74 %, 88225 MiB
2026/09/15 20:58:24.715, 0, 1050 MHz, 2619 MHz, 397.28 W, 100 %, 88225 MiB
2026/09/15 20:58:24.816, 0, 1065 MHz, 2619 MHz, 397.10 W, 100 %, 88225 MiB
2026/09/15 20:58:24.916, 0, 1005 MHz, 2619 MHz, 399.62 W, 100 %, 88225 MiB
2026/09/15 20:58:25.016, 0, 960 MHz, 2619 MHz, 398.10 W, 100 %, 88225 MiB
2026/09/15 20:58:25.117, 0, 1050 MHz, 2619 MHz, 399.60 W, 100 %, 88225 MiB
2026/09/15 20:58:25.217, 0, 960 MHz, 2619 MHz, 400.00 W, 100 %, 88225 MiB
2026/09/15 20:58:25.317, 0, 1035 MHz, 2619 MHz, 397.84 W, 100 %, 88225 MiB
2026/09/15 20:58:25.417, 0, 960 MHz, 2619 MHz, 395.48 W, 100 %, 88225 MiB
2026/09/15 20:58:25.518, 0, 1020 MHz, 2619 MHz, 401.52 W, 100 %, 88225 MiB
2026/09/15 20:58:25.618, 0, 1095 MHz, 2619 MHz, 398.15 W, 100 %, 88225 MiB
2026/09/15 20:58:25.718, 0, 1095 MHz, 2619 MHz, 398.59 W, 100 %, 88225 MiB
2026/09/15 20:58:25.819, 0, 1095 MHz, 2619 MHz, 399.59 W, 100 %, 88225 MiB
2026/09/15 20:58:25.919, 0, 1155 MHz, 2619 MHz, 395.18 W, 76 %, 88225 MiB
2026/09/15 20:58:26.019, 0, 990 MHz, 2619 MHz, 397.81 W, 76 %, 88225 MiB
2026/09/15 20:58:26.119, 0, 1020 MHz, 2619 MHz, 398.63 W, 100 %, 88225 MiB
2026/09/15 20:58:26.220, 0, 1080 MHz, 2619 MHz, 397.82 W, 100 %, 88225 MiB
2026/09/15 20:58:26.320, 0, 1020 MHz, 2619 MHz, 399.46 W, 100 %, 88225 MiB
2026/09/15 20:58:26.420, 0, 975 MHz, 2619 MHz, 399.69 W, 100 %, 88225 MiB
2026/09/15 20:58:26.520, 0, 1080 MHz, 2619 MHz, 400.11 W, 100 %, 88225 MiB
2026/09/15 20:58:26.621, 0, 1050 MHz, 2619 MHz, 401.74 W, 100 %, 88225 MiB
2026/09/15 20:58:26.721, 0, 930 MHz, 2619 MHz, 401.40 W, 100 %, 88225 MiB
2026/09/15 20:58:26.821, 0, 1020 MHz, 2619 MHz, 397.29 W, 100 %, 88225 MiB
2026/09/15 20:58:26.922, 0, 990 MHz, 2619 MHz, 402.72 W, 100 %, 88225 MiB
2026/09/15 20:58:27.022, 0, 1035 MHz, 2619 MHz, 398.24 W, 100 %, 88225 MiB
2026/09/15 20:58:27.122, 0, 1080 MHz, 2619 MHz, 399.81 W, 100 %, 88225 MiB
2026/09/15 20:58:27.223, 0, 1035 MHz, 2619 MHz, 401.35 W, 100 %, 88225 MiB
2026/09/15 20:58:27.323, 0, 1155 MHz, 2619 MHz, 395.84 W, 74 %, 88225 MiB
2026/09/15 20:58:27.423, 0, 990 MHz, 2619 MHz, 398.21 W, 74 %, 88225 MiB
2026/09/15 20:58:27.523, 0, 1095 MHz, 2619 MHz, 398.89 W, 100 %, 88225 MiB
2026/09/15 20:58:27.624, 0, 1095 MHz, 2619 MHz, 398.77 W, 100 %, 88225 MiB
2026/09/15 20:58:27.724, 0, 975 MHz, 2619 MHz, 398.39 W, 100 %, 88225 MiB
2026/09/15 20:58:27.824, 0, 1005 MHz, 2619 MHz, 399.51 W, 100 %, 88225 MiB
2026/09/15 20:58:27.925, 0, 1080 MHz, 2619 MHz, 398.56 W, 100 %, 88225 MiB
2026/09/15 20:58:28.025, 0, 1035 MHz, 2619 MHz, 401.47 W, 100 %, 88225 MiB
2026/09/15 20:58:28.125, 0, 915 MHz, 2619 MHz, 400.26 W, 100 %, 88225 MiB
2026/09/15 20:58:28.225, 0, 1020 MHz, 2619 MHz, 396.61 W, 100 %, 88225 MiB
2026/09/15 20:58:28.326, 0, 990 MHz, 2619 MHz, 402.20 W, 100 %, 88225 MiB
2026/09/15 20:58:28.426, 0, 1065 MHz, 2619 MHz, 398.37 W, 100 %, 88225 MiB
2026/09/15 20:58:28.526, 0, 1065 MHz, 2619 MHz, 400.85 W, 100 %, 88225 MiB
2026/09/15 20:58:28.627, 0, 1005 MHz, 2619 MHz, 395.95 W, 100 %, 88225 MiB
2026/09/15 20:58:28.727, 0, 1020 MHz, 2619 MHz, 397.55 W, 72 %, 88225 MiB
2026/09/15 20:58:28.827, 0, 1080 MHz, 2619 MHz, 397.90 W, 72 %, 88225 MiB
2026/09/15 20:58:28.928, 0, 1095 MHz, 2619 MHz, 399.92 W, 100 %, 88225 MiB
2026/09/15 20:58:29.028, 0, 1035 MHz, 2619 MHz, 399.51 W, 100 %, 88225 MiB
2026/09/15 20:58:29.128, 0, 960 MHz, 2619 MHz, 399.05 W, 100 %, 88225 MiB
2026/09/15 20:58:29.229, 0, 1065 MHz, 2619 MHz, 399.74 W, 100 %, 88225 MiB
2026/09/15 20:58:29.329, 0, 1050 MHz, 2619 MHz, 400.53 W, 100 %, 88225 MiB
2026/09/15 20:58:29.429, 0, 990 MHz, 2619 MHz, 401.28 W, 100 %, 88225 MiB
2026/09/15 20:58:29.529, 0, 960 MHz, 2619 MHz, 399.04 W, 100 %, 88225 MiB
2026/09/15 20:58:29.630, 0, 990 MHz, 2619 MHz, 402.05 W, 100 %, 88225 MiB
2026/09/15 20:58:29.730, 0, 1020 MHz, 2619 MHz, 398.84 W, 100 %, 88225 MiB
2026/09/15 20:58:29.830, 0, 1065 MHz, 2619 MHz, 400.31 W, 100 %, 88225 MiB
2026/09/15 20:58:29.931, 0, 1035 MHz, 2619 MHz, 400.49 W, 100 %, 88225 MiB
2026/09/15 20:58:30.031, 0, 990 MHz, 2619 MHz, 399.18 W, 100 %, 88225 MiB
2026/09/15 20:58:30.131, 0, 1020 MHz, 2619 MHz, 398.12 W, 100 %, 88225 MiB
2026/09/15 20:58:30.232, 0, 960 MHz, 2619 MHz, 400.60 W, 100 %, 88225 MiB
2026/09/15 20:58:30.332, 0, 1020 MHz, 2619 MHz, 398.33 W, 100 %, 88225 MiB
2026/09/15 20:58:30.432, 0, 1035 MHz, 2619 MHz, 398.73 W, 100 %, 88225 MiB
2026/09/15 20:58:30.532, 0, 960 MHz, 2619 MHz, 400.18 W, 100 %, 88225 MiB
2026/09/15 20:58:30.633, 0, 1050 MHz, 2619 MHz, 398.62 W, 100 %, 88225 MiB
2026/09/15 20:58:30.733, 0, 1035 MHz, 2619 MHz, 400.98 W, 100 %, 88225 MiB
2026/09/15 20:58:30.833, 0, 1005 MHz, 2619 MHz, 400.00 W, 100 %, 88225 MiB
2026/09/15 20:58:30.934, 0, 1065 MHz, 2619 MHz, 398.04 W, 100 %, 88225 MiB
2026/09/15 20:58:31.034, 0, 1050 MHz, 2619 MHz, 398.52 W, 100 %, 88225 MiB
2026/09/15 20:58:31.134, 0, 945 MHz, 2619 MHz, 400.52 W, 100 %, 88225 MiB
2026/09/15 20:58:31.235, 0, 1020 MHz, 2619 MHz, 398.07 W, 100 %, 88225 MiB
2026/09/15 20:58:31.335, 0, 1020 MHz, 2619 MHz, 400.33 W, 100 %, 88225 MiB
2026/09/15 20:58:31.435, 0, 1350 MHz, 2619 MHz, 393.80 W, 100 %, 88225 MiB
2026/09/15 20:58:31.535, 0, 1035 MHz, 2619 MHz, 395.13 W, 100 %, 88225 MiB
2026/09/15 20:58:31.636, 0, 1080 MHz, 2619 MHz, 397.75 W, 100 %, 88225 MiB
2026/09/15 20:58:31.736, 0, 1065 MHz, 2619 MHz, 398.42 W, 100 %, 88225 MiB
2026/09/15 20:58:31.836, 0, 1005 MHz, 2619 MHz, 399.49 W, 100 %, 88225 MiB
2026/09/15 20:58:31.937, 0, 1005 MHz, 2619 MHz, 399.37 W, 100 %, 88225 MiB
2026/09/15 20:58:32.037, 0, 1080 MHz, 2619 MHz, 398.42 W, 100 %, 88225 MiB
2026/09/15 20:58:32.137, 0, 1005 MHz, 2619 MHz, 398.53 W, 100 %, 88225 MiB
2026/09/15 20:58:32.238, 0, 975 MHz, 2619 MHz, 399.71 W, 100 %, 88225 MiB
2026/09/15 20:58:32.338, 0, 975 MHz, 2619 MHz, 397.23 W, 100 %, 88225 MiB
2026/09/15 20:58:32.438, 0, 975 MHz, 2619 MHz, 402.83 W, 100 %, 88225 MiB
2026/09/15 20:58:32.539, 0, 1080 MHz, 2619 MHz, 399.62 W, 100 %, 88225 MiB
2026/09/15 20:58:32.639, 0, 1050 MHz, 2619 MHz, 400.51 W, 100 %, 88225 MiB
2026/09/15 20:58:32.739, 0, 990 MHz, 2619 MHz, 400.23 W, 100 %, 88225 MiB
2026/09/15 20:58:32.840, 0, 1020 MHz, 2619 MHz, 397.84 W, 100 %, 88225 MiB
2026/09/15 20:58:32.940, 0, 1065 MHz, 2619 MHz, 399.24 W, 100 %, 88225 MiB
2026/09/15 20:58:33.040, 0, 1005 MHz, 2619 MHz, 401.34 W, 100 %, 88225 MiB
2026/09/15 20:58:33.141, 0, 990 MHz, 2619 MHz, 399.71 W, 100 %, 88225 MiB
2026/09/15 20:58:33.241, 0, 1020 MHz, 2619 MHz, 399.16 W, 100 %, 88225 MiB
2026/09/15 20:58:33.341, 0, 930 MHz, 2619 MHz, 400.02 W, 100 %, 88225 MiB
2026/09/15 20:58:33.442, 0, 1050 MHz, 2619 MHz, 400.21 W, 100 %, 88225 MiB
2026/09/15 20:58:33.542, 0, 975 MHz, 2619 MHz, 401.89 W, 100 %, 88225 MiB
2026/09/15 20:58:33.642, 0, 1050 MHz, 2619 MHz, 399.24 W, 100 %, 88225 MiB
2026/09/15 20:58:33.742, 0, 1050 MHz, 2619 MHz, 398.47 W, 100 %, 88225 MiB
2026/09/15 20:58:33.843, 0, 1035 MHz, 2619 MHz, 400.93 W, 100 %, 88225 MiB
2026/09/15 20:58:33.943, 0, 990 MHz, 2619 MHz, 400.18 W, 100 %, 88225 MiB
2026/09/15 20:58:34.043, 0, 1065 MHz, 2619 MHz, 397.58 W, 100 %, 88225 MiB
2026/09/15 20:58:34.144, 0, 1050 MHz, 2619 MHz, 397.96 W, 100 %, 88225 MiB
2026/09/15 20:58:34.244, 0, 1095 MHz, 2619 MHz, 396.85 W, 100 %, 88225 MiB
2026/09/15 20:58:34.344, 0, 1035 MHz, 2619 MHz, 396.27 W, 100 %, 88225 MiB
2026/09/15 20:58:34.445, 0, 1080 MHz, 2619 MHz, 399.52 W, 100 %, 88225 MiB
2026/09/15 20:58:34.545, 0, 1020 MHz, 2619 MHz, 400.03 W, 100 %, 88225 MiB
2026/09/15 20:58:34.645, 0, 975 MHz, 2619 MHz, 401.42 W, 100 %, 88225 MiB
2026/09/15 20:58:34.745, 0, 1065 MHz, 2619 MHz, 400.06 W, 100 %, 88225 MiB
2026/09/15 20:58:34.846, 0, 1050 MHz, 2619 MHz, 400.48 W, 100 %, 88225 MiB
2026/09/15 20:58:34.946, 0, 975 MHz, 2619 MHz, 400.71 W, 100 %, 88225 MiB
2026/09/15 20:58:35.046, 0, 960 MHz, 2619 MHz, 400.30 W, 100 %, 88225 MiB
2026/09/15 20:58:35.147, 0, 945 MHz, 2619 MHz, 398.51 W, 100 %, 88225 MiB
2026/09/15 20:58:35.247, 0, 1035 MHz, 2619 MHz, 401.03 W, 100 %, 88225 MiB
2026/09/15 20:58:35.347, 0, 975 MHz, 2619 MHz, 401.82 W, 100 %, 88225 MiB
2026/09/15 20:58:35.448, 0, 1065 MHz, 2619 MHz, 399.51 W, 100 %, 88225 MiB
2026/09/15 20:58:35.548, 0, 1050 MHz, 2619 MHz, 399.46 W, 100 %, 88225 MiB
2026/09/15 20:58:35.648, 0, 930 MHz, 2619 MHz, 399.92 W, 100 %, 88225 MiB
2026/09/15 20:58:35.749, 0, 1065 MHz, 2619 MHz, 399.58 W, 100 %, 88225 MiB
2026/09/15 20:58:35.849, 0, 1050 MHz, 2619 MHz, 399.55 W, 100 %, 88225 MiB
2026/09/15 20:58:35.949, 0, 930 MHz, 2619 MHz, 400.27 W, 100 %, 88225 MiB
2026/09/15 20:58:36.050, 0, 1005 MHz, 2619 MHz, 399.52 W, 100 %, 88225 MiB
2026/09/15 20:58:36.150, 0, 945 MHz, 2619 MHz, 400.31 W, 100 %, 88225 MiB
2026/09/15 20:58:36.250, 0, 1050 MHz, 2619 MHz, 399.92 W, 100 %, 88225 MiB
2026/09/15 20:58:36.351, 0, 930 MHz, 2619 MHz, 400.29 W, 100 %, 88225 MiB
2026/09/15 20:58:36.451, 0, 1035 MHz, 2619 MHz, 400.09 W, 100 %, 88225 MiB
2026/09/15 20:58:36.551, 0, 1050 MHz, 2619 MHz, 399.87 W, 100 %, 88225 MiB
2026/09/15 20:58:36.652, 0, 975 MHz, 2619 MHz, 399.66 W, 100 %, 88225 MiB
2026/09/15 20:58:36.752, 0, 1005 MHz, 2619 MHz, 400.24 W, 100 %, 88225 MiB
2026/09/15 20:58:36.852, 0, 1065 MHz, 2619 MHz, 399.72 W, 100 %, 88225 MiB
2026/09/15 20:58:36.953, 0, 1035 MHz, 2619 MHz, 394.48 W, 100 %, 88225 MiB
2026/09/15 20:58:37.053, 0, 990 MHz, 2619 MHz, 399.57 W, 100 %, 88225 MiB
2026/09/15 20:58:37.153, 0, 1035 MHz, 2619 MHz, 398.01 W, 100 %, 88225 MiB
2026/09/15 20:58:37.254, 0, 1065 MHz, 2619 MHz, 401.24 W, 100 %, 88225 MiB
2026/09/15 20:58:37.354, 0, 945 MHz, 2619 MHz, 400.63 W, 100 %, 88225 MiB
2026/09/15 20:58:37.454, 0, 1065 MHz, 2619 MHz, 400.65 W, 100 %, 88225 MiB
2026/09/15 20:58:37.554, 0, 1080 MHz, 2619 MHz, 400.87 W, 100 %, 88225 MiB
2026/09/15 20:58:37.655, 0, 1050 MHz, 2619 MHz, 400.85 W, 100 %, 88225 MiB
2026/09/15 20:58:37.755, 0, 990 MHz, 2619 MHz, 401.54 W, 100 %, 88225 MiB
2026/09/15 20:58:37.855, 0, 960 MHz, 2619 MHz, 399.54 W, 100 %, 88225 MiB
2026/09/15 20:58:37.956, 0, 990 MHz, 2619 MHz, 403.61 W, 100 %, 88225 MiB
2026/09/15 20:58:38.056, 0, 1020 MHz, 2619 MHz, 398.58 W, 100 %, 88225 MiB
2026/09/15 20:58:38.156, 0, 1005 MHz, 2619 MHz, 401.25 W, 100 %, 88225 MiB
2026/09/15 20:58:38.257, 0, 990 MHz, 2619 MHz, 398.98 W, 100 %, 88225 MiB
2026/09/15 20:58:38.357, 0, 1080 MHz, 2619 MHz, 398.33 W, 100 %, 88225 MiB
2026/09/15 20:58:38.457, 0, 1005 MHz, 2619 MHz, 400.90 W, 100 %, 88225 MiB
2026/09/15 20:58:38.558, 0, 1020 MHz, 2619 MHz, 398.14 W, 100 %, 88225 MiB
2026/09/15 20:58:38.658, 0, 1065 MHz, 2619 MHz, 397.67 W, 100 %, 88225 MiB
2026/09/15 20:58:38.758, 0, 1020 MHz, 2619 MHz, 398.90 W, 100 %, 88225 MiB
2026/09/15 20:58:38.859, 0, 975 MHz, 2619 MHz, 398.64 W, 100 %, 88225 MiB
2026/09/15 20:58:38.959, 0, 1035 MHz, 2619 MHz, 398.73 W, 100 %, 88225 MiB
2026/09/15 20:58:39.059, 0, 990 MHz, 2619 MHz, 400.94 W, 100 %, 88225 MiB
2026/09/15 20:58:39.160, 0, 1020 MHz, 2619 MHz, 398.21 W, 100 %, 88225 MiB
2026/09/15 20:58:39.260, 0, 1050 MHz, 2619 MHz, 400.15 W, 100 %, 88225 MiB
2026/09/15 20:58:39.360, 0, 960 MHz, 2619 MHz, 400.94 W, 100 %, 88225 MiB
2026/09/15 20:58:39.461, 0, 1020 MHz, 2619 MHz, 398.26 W, 100 %, 88225 MiB
2026/09/15 20:58:39.561, 0, 1035 MHz, 2619 MHz, 400.83 W, 100 %, 88225 MiB
2026/09/15 20:58:39.661, 0, 975 MHz, 2619 MHz, 399.97 W, 100 %, 88225 MiB
2026/09/15 20:58:39.762, 0, 1545 MHz, 2619 MHz, 393.05 W, 76 %, 88225 MiB
2026/09/15 20:58:39.862, 0, 1110 MHz, 2619 MHz, 397.14 W, 76 %, 88225 MiB
2026/09/15 20:58:39.962, 0, 1095 MHz, 2619 MHz, 399.51 W, 100 %, 88225 MiB
2026/09/15 20:58:40.063, 0, 1050 MHz, 2619 MHz, 400.20 W, 100 %, 88225 MiB
2026/09/15 20:58:40.163, 0, 945 MHz, 2619 MHz, 401.64 W, 100 %, 88225 MiB
2026/09/15 20:58:40.263, 0, 1050 MHz, 2619 MHz, 399.63 W, 100 %, 88225 MiB
2026/09/15 20:58:40.364, 0, 1050 MHz, 2619 MHz, 400.01 W, 100 %, 88225 MiB
2026/09/15 20:58:40.464, 0, 1020 MHz, 2619 MHz, 401.83 W, 100 %, 88225 MiB
2026/09/15 20:58:40.564, 0, 1050 MHz, 2619 MHz, 400.10 W, 100 %, 88225 MiB
2026/09/15 20:58:40.665, 0, 915 MHz, 2619 MHz, 399.21 W, 100 %, 88225 MiB
2026/09/15 20:58:40.765, 0, 1035 MHz, 2619 MHz, 403.53 W, 100 %, 88225 MiB
2026/09/15 20:58:40.865, 0, 1065 MHz, 2619 MHz, 402.87 W, 100 %, 88225 MiB
2026/09/15 20:58:40.966, 0, 975 MHz, 2619 MHz, 402.08 W, 100 %, 88225 MiB
2026/09/15 20:58:41.066, 0, 1005 MHz, 2619 MHz, 399.75 W, 100 %, 88225 MiB
2026/09/15 20:58:41.166, 0, 1095 MHz, 2619 MHz, 399.10 W, 100 %, 88225 MiB
2026/09/15 20:58:41.266, 0, 1065 MHz, 2619 MHz, 400.20 W, 100 %, 88225 MiB
2026/09/15 20:58:41.367, 0, 1005 MHz, 2619 MHz, 398.02 W, 100 %, 88225 MiB
2026/09/15 20:58:41.467, 0, 1095 MHz, 2619 MHz, 397.34 W, 100 %, 88225 MiB
2026/09/15 20:58:41.567, 0, 1080 MHz, 2619 MHz, 398.34 W, 100 %, 88225 MiB
2026/09/15 20:58:41.668, 0, 1020 MHz, 2619 MHz, 397.69 W, 100 %, 88225 MiB
2026/09/15 20:58:41.768, 0, 1065 MHz, 2619 MHz, 399.53 W, 100 %, 88225 MiB
2026/09/15 20:58:41.868, 0, 1020 MHz, 2619 MHz, 396.95 W, 100 %, 88225 MiB
2026/09/15 20:58:41.969, 0, 1110 MHz, 2619 MHz, 395.60 W, 100 %, 88225 MiB
2026/09/15 20:58:42.069, 0, 1095 MHz, 2619 MHz, 396.52 W, 100 %, 88225 MiB
2026/09/15 20:58:42.169, 0, 1350 MHz, 2619 MHz, 390.48 W, 60 %, 88225 MiB
2026/09/15 20:58:42.270, 0, 1080 MHz, 2619 MHz, 393.26 W, 60 %, 88225 MiB
2026/09/15 20:58:42.370, 0, 1020 MHz, 2619 MHz, 395.77 W, 100 %, 88225 MiB
2026/09/15 20:58:42.470, 0, 1065 MHz, 2619 MHz, 395.82 W, 100 %, 88225 MiB
2026/09/15 20:58:42.570, 0, 1065 MHz, 2619 MHz, 396.11 W, 100 %, 88225 MiB
2026/09/15 20:58:42.671, 0, 945 MHz, 2619 MHz, 397.89 W, 100 %, 88225 MiB
2026/09/15 20:58:42.771, 0, 1020 MHz, 2619 MHz, 397.04 W, 100 %, 88225 MiB
2026/09/15 20:58:42.871, 0, 1095 MHz, 2619 MHz, 397.60 W, 100 %, 88225 MiB
2026/09/15 20:58:42.972, 0, 1065 MHz, 2619 MHz, 396.68 W, 100 %, 88225 MiB
2026/09/15 20:58:43.072, 0, 945 MHz, 2619 MHz, 394.31 W, 100 %, 88225 MiB
2026/09/15 20:58:43.172, 0, 1065 MHz, 2619 MHz, 401.80 W, 100 %, 88225 MiB
2026/09/15 20:58:43.273, 0, 1110 MHz, 2619 MHz, 398.21 W, 100 %, 88225 MiB
2026/09/15 20:58:43.373, 0, 1125 MHz, 2619 MHz, 397.44 W, 100 %, 88225 MiB
2026/09/15 20:58:43.473, 0, 1095 MHz, 2619 MHz, 398.33 W, 100 %, 88225 MiB
2026/09/15 20:58:43.574, 0, 1050 MHz, 2619 MHz, 397.19 W, 100 %, 88225 MiB
2026/09/15 20:58:43.674, 0, 1110 MHz, 2619 MHz, 395.58 W, 100 %, 88225 MiB
2026/09/15 20:58:43.774, 0, 1125 MHz, 2619 MHz, 397.43 W, 100 %, 88225 MiB
2026/09/15 20:58:43.875, 0, 1335 MHz, 2619 MHz, 390.00 W, 100 %, 88225 MiB
2026/09/15 20:58:43.975, 0, 1035 MHz, 2619 MHz, 393.88 W, 100 %, 88225 MiB
2026/09/15 20:58:44.075, 0, 1020 MHz, 2619 MHz, 395.58 W, 100 %, 88225 MiB
2026/09/15 20:58:44.176, 0, 1095 MHz, 2619 MHz, 396.76 W, 100 %, 88225 MiB
2026/09/15 20:58:44.276, 0, 1095 MHz, 2619 MHz, 396.28 W, 100 %, 88225 MiB
2026/09/15 20:58:44.376, 0, 1110 MHz, 2619 MHz, 395.87 W, 100 %, 88225 MiB
2026/09/15 20:58:44.477, 0, 1110 MHz, 2619 MHz, 396.58 W, 100 %, 88225 MiB
2026/09/15 20:58:44.577, 0, 1095 MHz, 2619 MHz, 396.21 W, 100 %, 88225 MiB
2026/09/15 20:58:44.677, 0, 1110 MHz, 2619 MHz, 396.20 W, 100 %, 88225 MiB
2026/09/15 20:58:44.778, 0, 1020 MHz, 2619 MHz, 392.78 W, 100 %, 88225 MiB
2026/09/15 20:58:44.878, 0, 1110 MHz, 2619 MHz, 400.79 W, 100 %, 88225 MiB
2026/09/15 20:58:44.978, 0, 1065 MHz, 2619 MHz, 396.42 W, 100 %, 88225 MiB
2026/09/15 20:58:45.079, 0, 1125 MHz, 2619 MHz, 396.82 W, 100 %, 88225 MiB
2026/09/15 20:58:45.179, 0, 1125 MHz, 2619 MHz, 398.32 W, 100 %, 88225 MiB
2026/09/15 20:58:45.279, 0, 1080 MHz, 2619 MHz, 398.00 W, 100 %, 88225 MiB
2026/09/15 20:58:45.380, 0, 1125 MHz, 2619 MHz, 397.45 W, 100 %, 88225 MiB
2026/09/15 20:58:45.480, 0, 1125 MHz, 2619 MHz, 389.76 W, 100 %, 88225 MiB
2026/09/15 20:58:45.580, 0, 1155 MHz, 2619 MHz, 391.98 W, 62 %, 88225 MiB
2026/09/15 20:58:45.680, 0, 1050 MHz, 2619 MHz, 392.88 W, 62 %, 88225 MiB
2026/09/15 20:58:45.781, 0, 1065 MHz, 2619 MHz, 396.77 W, 100 %, 88225 MiB
2026/09/15 20:58:45.881, 0, 1080 MHz, 2619 MHz, 398.47 W, 100 %, 88225 MiB
2026/09/15 20:58:45.981, 0, 1035 MHz, 2619 MHz, 399.83 W, 100 %, 88225 MiB
2026/09/15 20:58:46.082, 0, 1005 MHz, 2619 MHz, 399.31 W, 100 %, 88225 MiB
2026/09/15 20:58:46.182, 0, 1065 MHz, 2619 MHz, 397.93 W, 100 %, 88225 MiB
2026/09/15 20:58:46.282, 0, 1050 MHz, 2619 MHz, 396.70 W, 100 %, 88225 MiB
2026/09/15 20:58:46.383, 0, 975 MHz, 2619 MHz, 395.11 W, 100 %, 88225 MiB
2026/09/15 20:58:46.483, 0, 1065 MHz, 2619 MHz, 394.50 W, 100 %, 88225 MiB
2026/09/15 20:58:46.583, 0, 1125 MHz, 2619 MHz, 398.79 W, 100 %, 88225 MiB
2026/09/15 20:58:46.684, 0, 1080 MHz, 2619 MHz, 398.36 W, 100 %, 88225 MiB
2026/09/15 20:58:46.784, 0, 1065 MHz, 2619 MHz, 397.70 W, 100 %, 88225 MiB
2026/09/15 20:58:46.884, 0, 1125 MHz, 2619 MHz, 396.64 W, 100 %, 88225 MiB
2026/09/15 20:58:46.985, 0, 1095 MHz, 2619 MHz, 395.36 W, 100 %, 88225 MiB
2026/09/15 20:58:47.085, 0, 1065 MHz, 2619 MHz, 394.99 W, 100 %, 88225 MiB
2026/09/15 20:58:47.185, 0, 1260 MHz, 2619 MHz, 383.59 W, 100 %, 88225 MiB
2026/09/15 20:58:47.286, 0, 1170 MHz, 2619 MHz, 389.21 W, 100 %, 88225 MiB
2026/09/15 20:58:47.386, 0, 1125 MHz, 2619 MHz, 391.75 W, 100 %, 88225 MiB
2026/09/15 20:58:47.486, 0, 1080 MHz, 2619 MHz, 394.39 W, 100 %, 88225 MiB
2026/09/15 20:58:47.587, 0, 1095 MHz, 2619 MHz, 394.24 W, 100 %, 88225 MiB
2026/09/15 20:58:47.687, 0, 1080 MHz, 2619 MHz, 394.81 W, 100 %, 88225 MiB
2026/09/15 20:58:47.787, 0, 1095 MHz, 2619 MHz, 396.31 W, 100 %, 88225 MiB
2026/09/15 20:58:47.888, 0, 1080 MHz, 2619 MHz, 396.99 W, 100 %, 88225 MiB
2026/09/15 20:58:47.988, 0, 1005 MHz, 2619 MHz, 396.21 W, 100 %, 88225 MiB
2026/09/15 20:58:48.088, 0, 990 MHz, 2619 MHz, 394.05 W, 100 %, 88225 MiB
2026/09/15 20:58:48.189, 0, 1020 MHz, 2619 MHz, 398.10 W, 100 %, 88225 MiB
2026/09/15 20:58:48.289, 0, 1110 MHz, 2619 MHz, 397.89 W, 100 %, 88225 MiB
2026/09/15 20:58:48.389, 0, 1125 MHz, 2619 MHz, 397.27 W, 100 %, 88225 MiB
2026/09/15 20:58:48.490, 0, 1080 MHz, 2619 MHz, 396.57 W, 100 %, 88225 MiB
2026/09/15 20:58:48.590, 0, 1140 MHz, 2619 MHz, 396.38 W, 100 %, 88225 MiB
2026/09/15 20:58:48.690, 0, 1110 MHz, 2619 MHz, 396.82 W, 100 %, 88225 MiB
2026/09/15 20:58:48.790, 0, 1065 MHz, 2619 MHz, 394.68 W, 100 %, 88225 MiB
2026/09/15 20:58:48.891, 0, 990 MHz, 2619 MHz, 395.93 W, 100 %, 88225 MiB
2026/09/15 20:58:48.991, 0, 1035 MHz, 2619 MHz, 394.67 W, 100 %, 88225 MiB
2026/09/15 20:58:49.091, 0, 960 MHz, 2619 MHz, 396.70 W, 100 %, 88225 MiB
2026/09/15 20:58:49.192, 0, 990 MHz, 2619 MHz, 396.92 W, 100 %, 88225 MiB
2026/09/15 20:58:49.292, 0, 1050 MHz, 2619 MHz, 399.30 W, 100 %, 88225 MiB
2026/09/15 20:58:49.392, 0, 1005 MHz, 2619 MHz, 397.51 W, 100 %, 88225 MiB
2026/09/15 20:58:49.493, 0, 1080 MHz, 2619 MHz, 396.88 W, 100 %, 88225 MiB
2026/09/15 20:58:49.593, 0, 1110 MHz, 2619 MHz, 396.80 W, 100 %, 88225 MiB
2026/09/15 20:58:49.693, 0, 1080 MHz, 2619 MHz, 396.58 W, 100 %, 88225 MiB
2026/09/15 20:58:49.793, 0, 1140 MHz, 2619 MHz, 396.93 W, 100 %, 88225 MiB
2026/09/15 20:58:49.894, 0, 1095 MHz, 2619 MHz, 396.63 W, 100 %, 88225 MiB
2026/09/15 20:58:49.994, 0, 1035 MHz, 2619 MHz, 397.79 W, 100 %, 88225 MiB
2026/09/15 20:58:50.094, 0, 1005 MHz, 2619 MHz, 396.50 W, 100 %, 88225 MiB
2026/09/15 20:58:50.195, 0, 1080 MHz, 2619 MHz, 397.83 W, 100 %, 88225 MiB
2026/09/15 20:58:50.295, 0, 1110 MHz, 2619 MHz, 397.09 W, 100 %, 88225 MiB
2026/09/15 20:58:50.395, 0, 1080 MHz, 2619 MHz, 397.18 W, 100 %, 88225 MiB
2026/09/15 20:58:50.496, 0, 1065 MHz, 2619 MHz, 395.02 W, 100 %, 88225 MiB
2026/09/15 20:58:50.596, 0, 1245 MHz, 2619 MHz, 387.71 W, 58 %, 88225 MiB
2026/09/15 20:58:50.696, 0, 1140 MHz, 2619 MHz, 390.04 W, 58 %, 88225 MiB
2026/09/15 20:58:50.797, 0, 1125 MHz, 2619 MHz, 391.86 W, 100 %, 88225 MiB
2026/09/15 20:58:50.897, 0, 1065 MHz, 2619 MHz, 393.05 W, 100 %, 88225 MiB
2026/09/15 20:58:50.997, 0, 1050 MHz, 2619 MHz, 392.74 W, 100 %, 88225 MiB
2026/09/15 20:58:51.098, 0, 1065 MHz, 2619 MHz, 394.66 W, 100 %, 88225 MiB
2026/09/15 20:58:51.198, 0, 1020 MHz, 2619 MHz, 395.94 W, 100 %, 88225 MiB
2026/09/15 20:58:51.298, 0, 1065 MHz, 2619 MHz, 395.70 W, 100 %, 88225 MiB
2026/09/15 20:58:51.398, 0, 975 MHz, 2619 MHz, 394.43 W, 100 %, 88225 MiB
2026/09/15 20:58:51.499, 0, 960 MHz, 2619 MHz, 392.04 W, 100 %, 88225 MiB
2026/09/15 20:58:51.599, 0, 1050 MHz, 2619 MHz, 398.93 W, 100 %, 88225 MiB
2026/09/15 20:58:51.699, 0, 1140 MHz, 2619 MHz, 397.17 W, 100 %, 88225 MiB
2026/09/15 20:58:51.800, 0, 1170 MHz, 2619 MHz, 397.16 W, 100 %, 88225 MiB
2026/09/15 20:58:51.900, 0, 1080 MHz, 2619 MHz, 396.21 W, 100 %, 88225 MiB
2026/09/15 20:58:52.000, 0, 1125 MHz, 2619 MHz, 396.81 W, 100 %, 88225 MiB
2026/09/15 20:58:52.101, 0, 1095 MHz, 2619 MHz, 396.42 W, 100 %, 88225 MiB
2026/09/15 20:58:52.201, 0, 1080 MHz, 2619 MHz, 396.62 W, 100 %, 88225 MiB
2026/09/15 20:58:52.301, 0, 1035 MHz, 2619 MHz, 395.82 W, 100 %, 88225 MiB
2026/09/15 20:58:52.402, 0, 930 MHz, 2619 MHz, 396.85 W, 100 %, 88225 MiB
2026/09/15 20:58:52.502, 0, 975 MHz, 2619 MHz, 396.94 W, 100 %, 88225 MiB
2026/09/15 20:58:52.602, 0, 1020 MHz, 2619 MHz, 399.82 W, 100 %, 88225 MiB
2026/09/15 20:58:52.702, 0, 1035 MHz, 2619 MHz, 398.81 W, 100 %, 88225 MiB
2026/09/15 20:58:52.803, 0, 1095 MHz, 2619 MHz, 396.34 W, 100 %, 88225 MiB
2026/09/15 20:58:52.903, 0, 1035 MHz, 2619 MHz, 395.38 W, 100 %, 88225 MiB
2026/09/15 20:58:53.003, 0, 1110 MHz, 2619 MHz, 395.73 W, 100 %, 88225 MiB
2026/09/15 20:58:53.104, 0, 1125 MHz, 2619 MHz, 396.09 W, 100 %, 88225 MiB
2026/09/15 20:58:53.204, 0, 1065 MHz, 2619 MHz, 395.55 W, 100 %, 88225 MiB
2026/09/15 20:58:53.304, 0, 1065 MHz, 2619 MHz, 396.88 W, 100 %, 88225 MiB
2026/09/15 20:58:53.405, 0, 1065 MHz, 2619 MHz, 396.21 W, 100 %, 88225 MiB
2026/09/15 20:58:53.505, 0, 1095 MHz, 2619 MHz, 397.93 W, 100 %, 88225 MiB
2026/09/15 20:58:53.605, 0, 1080 MHz, 2619 MHz, 395.91 W, 100 %, 88225 MiB
2026/09/15 20:58:53.706, 0, 1080 MHz, 2619 MHz, 395.75 W, 100 %, 88225 MiB
2026/09/15 20:58:53.806, 0, 1125 MHz, 2619 MHz, 397.03 W, 100 %, 88225 MiB
2026/09/15 20:58:53.906, 0, 1665 MHz, 2619 MHz, 386.42 W, 100 %, 88225 MiB
2026/09/15 20:58:54.007, 0, 1125 MHz, 2619 MHz, 389.86 W, 81 %, 88225 MiB
2026/09/15 20:58:54.107, 0, 1110 MHz, 2619 MHz, 392.27 W, 81 %, 88225 MiB
2026/09/15 20:58:54.207, 0, 1065 MHz, 2619 MHz, 393.58 W, 100 %, 88225 MiB
2026/09/15 20:58:54.308, 0, 1050 MHz, 2619 MHz, 393.01 W, 100 %, 88225 MiB
2026/09/15 20:58:54.408, 0, 1050 MHz, 2619 MHz, 394.35 W, 100 %, 88225 MiB
2026/09/15 20:58:54.508, 0, 975 MHz, 2619 MHz, 395.76 W, 100 %, 88225 MiB
2026/09/15 20:58:54.609, 0, 1080 MHz, 2619 MHz, 394.93 W, 100 %, 88225 MiB
2026/09/15 20:58:54.709, 0, 1065 MHz, 2619 MHz, 395.03 W, 100 %, 88225 MiB
2026/09/15 20:58:54.809, 0, 930 MHz, 2619 MHz, 392.36 W, 100 %, 88225 MiB
2026/09/15 20:58:54.910, 0, 1035 MHz, 2619 MHz, 401.11 W, 100 %, 88225 MiB
2026/09/15 20:58:55.010, 0, 1155 MHz, 2619 MHz, 397.67 W, 100 %, 88225 MiB
2026/09/15 20:58:55.110, 0, 1140 MHz, 2619 MHz, 395.63 W, 100 %, 88225 MiB
2026/09/15 20:58:55.211, 0, 1065 MHz, 2619 MHz, 394.91 W, 100 %, 88225 MiB
2026/09/15 20:58:55.311, 0, 1125 MHz, 2619 MHz, 396.03 W, 100 %, 88225 MiB
2026/09/15 20:58:55.411, 0, 1095 MHz, 2619 MHz, 394.83 W, 100 %, 88225 MiB
2026/09/15 20:58:55.512, 0, 1050 MHz, 2619 MHz, 393.58 W, 100 %, 88225 MiB
2026/09/15 20:58:55.612, 0, 1005 MHz, 2619 MHz, 397.11 W, 100 %, 88225 MiB
2026/09/15 20:58:55.712, 0, 960 MHz, 2619 MHz, 395.81 W, 100 %, 88225 MiB
2026/09/15 20:58:55.813, 0, 1005 MHz, 2619 MHz, 397.33 W, 100 %, 88225 MiB
2026/09/15 20:58:55.913, 0, 990 MHz, 2619 MHz, 397.55 W, 100 %, 88225 MiB
2026/09/15 20:58:56.013, 0, 1095 MHz, 2619 MHz, 396.74 W, 100 %, 88225 MiB
2026/09/15 20:58:56.113, 0, 1110 MHz, 2619 MHz, 397.67 W, 100 %, 88225 MiB
2026/09/15 20:58:56.214, 0, 1110 MHz, 2619 MHz, 397.78 W, 100 %, 88225 MiB
2026/09/15 20:58:56.314, 0, 1080 MHz, 2619 MHz, 397.87 W, 100 %, 88225 MiB
2026/09/15 20:58:56.414, 0, 1050 MHz, 2619 MHz, 398.17 W, 100 %, 88225 MiB
2026/09/15 20:58:56.515, 0, 1125 MHz, 2619 MHz, 398.68 W, 100 %, 88225 MiB
2026/09/15 20:58:56.615, 0, 1080 MHz, 2619 MHz, 396.85 W, 100 %, 88225 MiB
2026/09/15 20:58:56.715, 0, 1065 MHz, 2619 MHz, 396.70 W, 100 %, 88225 MiB
2026/09/15 20:58:56.816, 0, 990 MHz, 2619 MHz, 397.47 W, 100 %, 88225 MiB
2026/09/15 20:58:56.916, 0, 1095 MHz, 2619 MHz, 397.99 W, 100 %, 88225 MiB
2026/09/15 20:58:57.016, 0, 1110 MHz, 2619 MHz, 399.14 W, 100 %, 88225 MiB
2026/09/15 20:58:57.116, 0, 1095 MHz, 2619 MHz, 397.69 W, 100 %, 88225 MiB
2026/09/15 20:58:57.217, 0, 1185 MHz, 2619 MHz, 391.98 W, 100 %, 88225 MiB
2026/09/15 20:58:57.317, 0, 1155 MHz, 2619 MHz, 389.76 W, 100 %, 88225 MiB
2026/09/15 20:58:57.418, 0, 1155 MHz, 2619 MHz, 392.24 W, 100 %, 88225 MiB
2026/09/15 20:58:57.518, 0, 1110 MHz, 2619 MHz, 394.19 W, 100 %, 88225 MiB
2026/09/15 20:58:57.618, 0, 1065 MHz, 2619 MHz, 395.49 W, 100 %, 88225 MiB
2026/09/15 20:58:57.719, 0, 1065 MHz, 2619 MHz, 396.92 W, 100 %, 88225 MiB
2026/09/15 20:58:57.819, 0, 1020 MHz, 2619 MHz, 398.74 W, 100 %, 88225 MiB
2026/09/15 20:58:57.919, 0, 1065 MHz, 2619 MHz, 398.21 W, 100 %, 88225 MiB
2026/09/15 20:58:58.019, 0, 1080 MHz, 2619 MHz, 397.49 W, 100 %, 88225 MiB
2026/09/15 20:58:58.120, 0, 945 MHz, 2619 MHz, 395.71 W, 100 %, 88225 MiB
2026/09/15 20:58:58.220, 0, 1005 MHz, 2619 MHz, 397.52 W, 100 %, 88225 MiB
2026/09/15 20:58:58.320, 0, 1155 MHz, 2619 MHz, 399.97 W, 100 %, 88225 MiB
2026/09/15 20:58:58.421, 0, 1110 MHz, 2619 MHz, 396.86 W, 100 %, 88225 MiB
2026/09/15 20:58:58.521, 0, 1125 MHz, 2619 MHz, 397.77 W, 100 %, 88225 MiB
2026/09/15 20:58:58.621, 0, 1110 MHz, 2619 MHz, 397.75 W, 100 %, 88225 MiB
2026/09/15 20:58:58.722, 0, 1065 MHz, 2619 MHz, 396.63 W, 100 %, 88225 MiB
2026/09/15 20:58:58.822, 0, 1020 MHz, 2619 MHz, 397.38 W, 100 %, 88225 MiB
2026/09/15 20:58:58.922, 0, 1035 MHz, 2619 MHz, 397.48 W, 100 %, 88225 MiB
2026/09/15 20:58:59.023, 0, 930 MHz, 2619 MHz, 398.44 W, 100 %, 88225 MiB
2026/09/15 20:58:59.123, 0, 1050 MHz, 2619 MHz, 398.79 W, 100 %, 88225 MiB
2026/09/15 20:58:59.223, 0, 990 MHz, 2619 MHz, 400.57 W, 100 %, 88225 MiB
2026/09/15 20:58:59.324, 0, 1035 MHz, 2619 MHz, 399.65 W, 100 %, 88225 MiB
2026/09/15 20:58:59.424, 0, 1095 MHz, 2619 MHz, 397.87 W, 100 %, 88225 MiB
2026/09/15 20:58:59.524, 0, 1110 MHz, 2619 MHz, 397.19 W, 100 %, 88225 MiB
2026/09/15 20:58:59.625, 0, 1080 MHz, 2619 MHz, 396.46 W, 100 %, 88225 MiB
2026/09/15 20:58:59.725, 0, 1110 MHz, 2619 MHz, 397.62 W, 100 %, 88225 MiB
2026/09/15 20:58:59.825, 0, 1110 MHz, 2619 MHz, 397.40 W, 100 %, 88225 MiB
2026/09/15 20:58:59.926, 0, 1035 MHz, 2619 MHz, 397.08 W, 100 %, 88225 MiB
2026/09/15 20:59:00.026, 0, 1035 MHz, 2619 MHz, 395.62 W, 100 %, 88225 MiB
2026/09/15 20:59:00.126, 0, 1050 MHz, 2619 MHz, 397.96 W, 100 %, 88225 MiB
2026/09/15 20:59:00.227, 0, 1080 MHz, 2619 MHz, 396.52 W, 100 %, 88225 MiB
2026/09/15 20:59:00.327, 0, 1125 MHz, 2619 MHz, 396.71 W, 100 %, 88225 MiB
2026/09/15 20:59:00.427, 0, 1065 MHz, 2619 MHz, 397.22 W, 100 %, 88225 MiB
2026/09/15 20:59:00.527, 0, 1290 MHz, 2619 MHz, 386.70 W, 60 %, 88225 MiB
2026/09/15 20:59:00.628, 0, 1155 MHz, 2619 MHz, 390.11 W, 60 %, 88225 MiB
2026/09/15 20:59:00.728, 0, 1155 MHz, 2619 MHz, 391.52 W, 100 %, 88225 MiB
2026/09/15 20:59:00.828, 0, 1110 MHz, 2619 MHz, 394.19 W, 100 %, 88225 MiB
2026/09/15 20:59:00.929, 0, 1065 MHz, 2619 MHz, 394.17 W, 100 %, 88225 MiB
2026/09/15 20:59:01.029, 0, 1080 MHz, 2619 MHz, 396.69 W, 100 %, 88225 MiB
2026/09/15 20:59:01.129, 0, 1050 MHz, 2619 MHz, 396.97 W, 100 %, 88225 MiB
2026/09/15 20:59:01.230, 0, 960 MHz, 2619 MHz, 398.41 W, 100 %, 88225 MiB
2026/09/15 20:59:01.330, 0, 1050 MHz, 2619 MHz, 397.76 W, 100 %, 88225 MiB
2026/09/15 20:59:01.430, 0, 900 MHz, 2619 MHz, 395.83 W, 100 %, 88225 MiB
2026/09/15 20:59:01.531, 0, 990 MHz, 2619 MHz, 405.58 W, 100 %, 88225 MiB
2026/09/15 20:59:01.631, 0, 1035 MHz, 2619 MHz, 399.76 W, 100 %, 88225 MiB
2026/09/15 20:59:01.731, 0, 1110 MHz, 2619 MHz, 398.35 W, 100 %, 88225 MiB
2026/09/15 20:59:01.832, 0, 1110 MHz, 2619 MHz, 396.40 W, 100 %, 88225 MiB
2026/09/15 20:59:01.932, 0, 1080 MHz, 2619 MHz, 396.11 W, 100 %, 88225 MiB
2026/09/15 20:59:02.032, 0, 1080 MHz, 2619 MHz, 396.38 W, 100 %, 88225 MiB
2026/09/15 20:59:02.133, 0, 1110 MHz, 2619 MHz, 395.77 W, 100 %, 88225 MiB
2026/09/15 20:59:02.233, 0, 1080 MHz, 2619 MHz, 394.23 W, 100 %, 88225 MiB
2026/09/15 20:59:02.333, 0, 960 MHz, 2619 MHz, 394.99 W, 100 %, 88225 MiB
2026/09/15 20:59:02.434, 0, 1035 MHz, 2619 MHz, 394.36 W, 100 %, 88225 MiB
2026/09/15 20:59:02.534, 0, 1065 MHz, 2619 MHz, 396.11 W, 100 %, 88225 MiB
2026/09/15 20:59:02.634, 0, 1125 MHz, 2619 MHz, 396.41 W, 100 %, 88225 MiB
2026/09/15 20:59:02.735, 0, 1110 MHz, 2619 MHz, 396.68 W, 100 %, 88225 MiB
2026/09/15 20:59:02.835, 0, 1125 MHz, 2619 MHz, 396.64 W, 100 %, 88225 MiB
2026/09/15 20:59:02.935, 0, 1170 MHz, 2619 MHz, 397.10 W, 100 %, 88225 MiB
2026/09/15 20:59:03.036, 0, 1140 MHz, 2619 MHz, 396.19 W, 100 %, 88225 MiB
2026/09/15 20:59:03.136, 0, 1125 MHz, 2619 MHz, 396.16 W, 100 %, 88225 MiB
2026/09/15 20:59:03.236, 0, 1110 MHz, 2619 MHz, 396.08 W, 100 %, 88225 MiB
2026/09/15 20:59:03.337, 0, 1110 MHz, 2619 MHz, 394.62 W, 100 %, 88225 MiB
2026/09/15 20:59:03.437, 0, 1110 MHz, 2619 MHz, 394.86 W, 100 %, 88225 MiB
2026/09/15 20:59:03.537, 0, 1140 MHz, 2619 MHz, 395.15 W, 100 %, 88225 MiB
2026/09/15 20:59:03.637, 0, 1125 MHz, 2619 MHz, 395.56 W, 100 %, 88225 MiB
2026/09/15 20:59:03.738, 0, 1095 MHz, 2619 MHz, 394.38 W, 100 %, 88225 MiB
2026/09/15 20:59:03.838, 0, 1125 MHz, 2619 MHz, 392.95 W, 100 %, 88225 MiB
2026/09/15 20:59:03.938, 0, 1110 MHz, 2619 MHz, 392.21 W, 100 %, 88225 MiB
2026/09/15 20:59:04.039, 0, 1125 MHz, 2619 MHz, 391.88 W, 100 %, 88225 MiB
2026/09/15 20:59:04.139, 0, 1155 MHz, 2619 MHz, 392.21 W, 100 %, 88225 MiB
2026/09/15 20:59:04.239, 0, 1140 MHz, 2619 MHz, 392.47 W, 100 %, 88225 MiB
2026/09/15 20:59:04.340, 0, 1140 MHz, 2619 MHz, 392.82 W, 100 %, 88225 MiB
2026/09/15 20:59:04.440, 0, 1125 MHz, 2619 MHz, 393.85 W, 100 %, 88225 MiB
2026/09/15 20:59:04.540, 0, 1140 MHz, 2619 MHz, 394.37 W, 100 %, 88225 MiB
2026/09/15 20:59:04.640, 0, 1155 MHz, 2619 MHz, 394.64 W, 100 %, 88225 MiB
2026/09/15 20:59:04.741, 0, 1155 MHz, 2619 MHz, 394.60 W, 100 %, 88225 MiB
2026/09/15 20:59:04.841, 0, 1140 MHz, 2619 MHz, 395.32 W, 100 %, 88225 MiB
2026/09/15 20:59:04.941, 0, 1125 MHz, 2619 MHz, 395.24 W, 100 %, 88225 MiB
2026/09/15 20:59:05.042, 0, 1125 MHz, 2619 MHz, 395.81 W, 100 %, 88225 MiB
2026/09/15 20:59:05.142, 0, 1080 MHz, 2619 MHz, 395.96 W, 100 %, 88225 MiB
2026/09/15 20:59:05.242, 0, 1080 MHz, 2619 MHz, 396.17 W, 100 %, 88225 MiB
2026/09/15 20:59:05.343, 0, 1095 MHz, 2619 MHz, 395.97 W, 100 %, 88225 MiB
2026/09/15 20:59:05.443, 0, 1065 MHz, 2619 MHz, 396.74 W, 100 %, 88225 MiB
2026/09/15 20:59:05.543, 0, 1095 MHz, 2619 MHz, 396.39 W, 100 %, 88225 MiB
2026/09/15 20:59:05.644, 0, 1080 MHz, 2619 MHz, 396.16 W, 100 %, 88225 MiB
2026/09/15 20:59:05.744, 0, 1515 MHz, 2619 MHz, 378.00 W, 81 %, 88225 MiB
2026/09/15 20:59:05.844, 0, 1155 MHz, 2619 MHz, 382.57 W, 81 %, 88225 MiB
2026/09/15 20:59:05.945, 0, 1095 MHz, 2619 MHz, 386.42 W, 100 %, 88225 MiB
2026/09/15 20:59:06.045, 0, 1095 MHz, 2619 MHz, 389.06 W, 100 %, 88225 MiB
2026/09/15 20:59:06.145, 0, 1110 MHz, 2619 MHz, 391.49 W, 100 %, 88225 MiB
2026/09/15 20:59:06.246, 0, 1065 MHz, 2619 MHz, 394.61 W, 100 %, 88225 MiB
2026/09/15 20:59:06.346, 0, 1035 MHz, 2619 MHz, 395.77 W, 100 %, 88225 MiB
2026/09/15 20:59:06.446, 0, 1020 MHz, 2619 MHz, 394.90 W, 100 %, 88225 MiB
2026/09/15 20:59:06.546, 0, 1080 MHz, 2619 MHz, 395.73 W, 100 %, 88225 MiB
2026/09/15 20:59:06.647, 0, 990 MHz, 2619 MHz, 393.41 W, 100 %, 88225 MiB
2026/09/15 20:59:06.747, 0, 990 MHz, 2619 MHz, 409.89 W, 100 %, 88225 MiB
2026/09/15 20:59:06.847, 0, 1020 MHz, 2619 MHz, 402.94 W, 100 %, 88225 MiB
2026/09/15 20:59:06.948, 0, 1125 MHz, 2619 MHz, 398.39 W, 100 %, 88225 MiB
2026/09/15 20:59:07.048, 0, 1140 MHz, 2619 MHz, 396.23 W, 100 %, 88225 MiB
2026/09/15 20:59:07.148, 0, 1155 MHz, 2619 MHz, 395.86 W, 100 %, 88225 MiB
2026/09/15 20:59:07.249, 0, 1155 MHz, 2619 MHz, 394.93 W, 100 %, 88225 MiB
2026/09/15 20:59:07.349, 0, 1095 MHz, 2619 MHz, 394.52 W, 100 %, 88225 MiB
2026/09/15 20:59:07.449, 0, 1050 MHz, 2619 MHz, 396.09 W, 100 %, 88225 MiB
2026/09/15 20:59:07.550, 0, 1095 MHz, 2619 MHz, 395.02 W, 100 %, 88225 MiB
2026/09/15 20:59:07.650, 0, 1020 MHz, 2619 MHz, 395.22 W, 100 %, 88225 MiB
2026/09/15 20:59:07.750, 0, 1050 MHz, 2619 MHz, 395.31 W, 100 %, 88225 MiB
2026/09/15 20:59:07.851, 0, 1110 MHz, 2619 MHz, 397.36 W, 100 %, 88225 MiB
2026/09/15 20:59:07.951, 0, 1125 MHz, 2619 MHz, 397.23 W, 100 %, 88225 MiB
2026/09/15 20:59:08.051, 0, 1170 MHz, 2619 MHz, 397.58 W, 100 %, 88225 MiB
2026/09/15 20:59:08.152, 0, 1170 MHz, 2619 MHz, 397.23 W, 100 %, 88225 MiB
2026/09/15 20:59:08.252, 0, 1125 MHz, 2619 MHz, 396.13 W, 100 %, 88225 MiB
2026/09/15 20:59:08.352, 0, 1140 MHz, 2619 MHz, 396.31 W, 100 %, 88225 MiB
2026/09/15 20:59:08.453, 0, 1065 MHz, 2619 MHz, 395.80 W, 100 %, 88225 MiB
2026/09/15 20:59:08.553, 0, 1110 MHz, 2619 MHz, 395.97 W, 100 %, 88225 MiB
2026/09/15 20:59:08.653, 0, 1065 MHz, 2619 MHz, 396.08 W, 100 %, 88225 MiB
2026/09/15 20:59:08.754, 0, 975 MHz, 2619 MHz, 397.09 W, 100 %, 88225 MiB
2026/09/15 20:59:08.854, 0, 1035 MHz, 2619 MHz, 396.66 W, 100 %, 88225 MiB
2026/09/15 20:59:08.954, 0, 1050 MHz, 2619 MHz, 396.20 W, 100 %, 88225 MiB
2026/09/15 20:59:09.055, 0, 1140 MHz, 2619 MHz, 395.84 W, 100 %, 88225 MiB
2026/09/15 20:59:09.155, 0, 1095 MHz, 2619 MHz, 394.83 W, 100 %, 88225 MiB
2026/09/15 20:59:09.255, 0, 1125 MHz, 2619 MHz, 394.66 W, 100 %, 88225 MiB
2026/09/15 20:59:09.356, 0, 1140 MHz, 2619 MHz, 394.36 W, 100 %, 88225 MiB
2026/09/15 20:59:09.456, 0, 1140 MHz, 2619 MHz, 394.18 W, 100 %, 88225 MiB
2026/09/15 20:59:09.556, 0, 1140 MHz, 2619 MHz, 394.48 W, 100 %, 88225 MiB
2026/09/15 20:59:09.656, 0, 1095 MHz, 2619 MHz, 395.32 W, 100 %, 88225 MiB
2026/09/15 20:59:09.757, 0, 1080 MHz, 2619 MHz, 395.17 W, 100 %, 88225 MiB
2026/09/15 20:59:09.857, 0, 1080 MHz, 2619 MHz, 395.79 W, 100 %, 88225 MiB
2026/09/15 20:59:09.957, 0, 1080 MHz, 2619 MHz, 396.30 W, 100 %, 88225 MiB
2026/09/15 20:59:10.058, 0, 1125 MHz, 2619 MHz, 396.27 W, 100 %, 88225 MiB
2026/09/15 20:59:10.158, 0, 1155 MHz, 2619 MHz, 395.61 W, 100 %, 88225 MiB
2026/09/15 20:59:10.258, 0, 1170 MHz, 2619 MHz, 394.98 W, 100 %, 88225 MiB
2026/09/15 20:59:10.359, 0, 1695 MHz, 2619 MHz, 376.89 W, 65 %, 88225 MiB
2026/09/15 20:59:10.459, 0, 1080 MHz, 2619 MHz, 381.87 W, 65 %, 88225 MiB
2026/09/15 20:59:10.559, 0, 1095 MHz, 2619 MHz, 384.45 W, 100 %, 88225 MiB
2026/09/15 20:59:10.660, 0, 1110 MHz, 2619 MHz, 387.20 W, 100 %, 88225 MiB
2026/09/15 20:59:10.760, 0, 1095 MHz, 2619 MHz, 390.65 W, 100 %, 88225 MiB
2026/09/15 20:59:10.860, 0, 1065 MHz, 2619 MHz, 392.42 W, 100 %, 88225 MiB
2026/09/15 20:59:10.961, 0, 1080 MHz, 2619 MHz, 393.49 W, 100 %, 88225 MiB
2026/09/15 20:59:11.061, 0, 1110 MHz, 2619 MHz, 394.28 W, 100 %, 88225 MiB
2026/09/15 20:59:11.161, 0, 1080 MHz, 2619 MHz, 393.60 W, 100 %, 88225 MiB
2026/09/15 20:59:11.262, 0, 990 MHz, 2619 MHz, 391.07 W, 100 %, 88225 MiB
2026/09/15 20:59:11.362, 0, 975 MHz, 2619 MHz, 403.73 W, 100 %, 88225 MiB
2026/09/15 20:59:11.462, 0, 1065 MHz, 2619 MHz, 398.55 W, 100 %, 88225 MiB
2026/09/15 20:59:11.562, 0, 1095 MHz, 2619 MHz, 395.97 W, 100 %, 88225 MiB
2026/09/15 20:59:11.663, 0, 1155 MHz, 2619 MHz, 395.58 W, 100 %, 88225 MiB
2026/09/15 20:59:11.763, 0, 1125 MHz, 2619 MHz, 395.25 W, 100 %, 88225 MiB
2026/09/15 20:59:11.863, 0, 1155 MHz, 2619 MHz, 396.11 W, 100 %, 88225 MiB
2026/09/15 20:59:11.964, 0, 1125 MHz, 2619 MHz, 395.83 W, 100 %, 88225 MiB
2026/09/15 20:59:12.064, 0, 1110 MHz, 2619 MHz, 395.42 W, 100 %, 88225 MiB
2026/09/15 20:59:12.164, 0, 1020 MHz, 2619 MHz, 394.69 W, 100 %, 88225 MiB
2026/09/15 20:59:12.265, 0, 1065 MHz, 2619 MHz, 394.96 W, 100 %, 88225 MiB
2026/09/15 20:59:12.365, 0, 1095 MHz, 2619 MHz, 396.02 W, 100 %, 88225 MiB
2026/09/15 20:59:12.465, 0, 1050 MHz, 2619 MHz, 397.75 W, 100 %, 88225 MiB
2026/09/15 20:59:12.566, 0, 1125 MHz, 2619 MHz, 397.44 W, 100 %, 88225 MiB
2026/09/15 20:59:12.666, 0, 1110 MHz, 2619 MHz, 396.86 W, 100 %, 88225 MiB
2026/09/15 20:59:12.766, 0, 1155 MHz, 2619 MHz, 396.38 W, 100 %, 88225 MiB
2026/09/15 20:59:12.867, 0, 1155 MHz, 2619 MHz, 396.21 W, 100 %, 88225 MiB
2026/09/15 20:59:12.967, 0, 1155 MHz, 2619 MHz, 396.21 W, 100 %, 88225 MiB
2026/09/15 20:59:13.067, 0, 1140 MHz, 2619 MHz, 396.28 W, 100 %, 88225 MiB
2026/09/15 20:59:13.168, 0, 1065 MHz, 2619 MHz, 396.06 W, 100 %, 88225 MiB
2026/09/15 20:59:13.268, 0, 1080 MHz, 2619 MHz, 396.12 W, 100 %, 88225 MiB
2026/09/15 20:59:13.368, 0, 1050 MHz, 2619 MHz, 396.42 W, 100 %, 88225 MiB
2026/09/15 20:59:13.468, 0, 1095 MHz, 2619 MHz, 395.81 W, 100 %, 88225 MiB
2026/09/15 20:59:13.569, 0, 1140 MHz, 2619 MHz, 396.39 W, 100 %, 88225 MiB
2026/09/15 20:59:13.669, 0, 1140 MHz, 2619 MHz, 395.67 W, 100 %, 88225 MiB
2026/09/15 20:59:13.769, 0, 1155 MHz, 2619 MHz, 395.76 W, 100 %, 88225 MiB
2026/09/15 20:59:13.870, 0, 1125 MHz, 2619 MHz, 394.58 W, 100 %, 88225 MiB
2026/09/15 20:59:13.970, 0, 1155 MHz, 2619 MHz, 394.88 W, 100 %, 88225 MiB
2026/09/15 20:59:14.070, 0, 1155 MHz, 2619 MHz, 395.17 W, 100 %, 88225 MiB
2026/09/15 20:59:14.171, 0, 1140 MHz, 2619 MHz, 395.84 W, 100 %, 88225 MiB
2026/09/15 20:59:14.271, 0, 1110 MHz, 2619 MHz, 396.37 W, 100 %, 88225 MiB
2026/09/15 20:59:14.371, 0, 1110 MHz, 2619 MHz, 397.36 W, 100 %, 88225 MiB
2026/09/15 20:59:14.472, 0, 1110 MHz, 2619 MHz, 397.48 W, 100 %, 88225 MiB
2026/09/15 20:59:14.572, 0, 1125 MHz, 2619 MHz, 397.48 W, 100 %, 88225 MiB
2026/09/15 20:59:14.672, 0, 1140 MHz, 2619 MHz, 397.21 W, 100 %, 88225 MiB
2026/09/15 20:59:14.773, 0, 1155 MHz, 2619 MHz, 397.12 W, 100 %, 88225 MiB
2026/09/15 20:59:14.873, 0, 1170 MHz, 2619 MHz, 396.92 W, 100 %, 88225 MiB
2026/09/15 20:59:14.973, 0, 1695 MHz, 2619 MHz, 375.49 W, 46 %, 88225 MiB
2026/09/15 20:59:15.074, 0, 1125 MHz, 2619 MHz, 380.29 W, 46 %, 88225 MiB
2026/09/15 20:59:15.174, 0, 1140 MHz, 2619 MHz, 382.44 W, 100 %, 88225 MiB
2026/09/15 20:59:15.274, 0, 1125 MHz, 2619 MHz, 385.11 W, 100 %, 88225 MiB
2026/09/15 20:59:15.374, 0, 1065 MHz, 2619 MHz, 389.09 W, 100 %, 88225 MiB
2026/09/15 20:59:15.475, 0, 1080 MHz, 2619 MHz, 389.80 W, 100 %, 88225 MiB
2026/09/15 20:59:15.575, 0, 1095 MHz, 2619 MHz, 390.68 W, 100 %, 88225 MiB
2026/09/15 20:59:15.675, 0, 1095 MHz, 2619 MHz, 391.48 W, 100 %, 88225 MiB
2026/09/15 20:59:15.776, 0, 1110 MHz, 2619 MHz, 391.09 W, 100 %, 88225 MiB
2026/09/15 20:59:15.876, 0, 1005 MHz, 2619 MHz, 387.38 W, 100 %, 88225 MiB
2026/09/15 20:59:15.976, 0, 1005 MHz, 2619 MHz, 406.10 W, 100 %, 88225 MiB
2026/09/15 20:59:16.077, 0, 1065 MHz, 2619 MHz, 398.57 W, 100 %, 88225 MiB
2026/09/15 20:59:16.177, 0, 1125 MHz, 2619 MHz, 397.12 W, 100 %, 88225 MiB
2026/09/15 20:59:16.278, 0, 1155 MHz, 2619 MHz, 397.19 W, 100 %, 88225 MiB
2026/09/15 20:59:16.378, 0, 1140 MHz, 2619 MHz, 395.29 W, 100 %, 88225 MiB
2026/09/15 20:59:16.478, 0, 1095 MHz, 2619 MHz, 395.82 W, 100 %, 88225 MiB
2026/09/15 20:59:16.578, 0, 1125 MHz, 2619 MHz, 396.35 W, 100 %, 88225 MiB
2026/09/15 20:59:16.679, 0, 1050 MHz, 2619 MHz, 395.49 W, 100 %, 88225 MiB
2026/09/15 20:59:16.779, 0, 1080 MHz, 2619 MHz, 394.09 W, 100 %, 88225 MiB
2026/09/15 20:59:16.879, 0, 1065 MHz, 2619 MHz, 394.90 W, 100 %, 88225 MiB
2026/09/15 20:59:16.980, 0, 1050 MHz, 2619 MHz, 395.46 W, 100 %, 88225 MiB
2026/09/15 20:59:17.080, 0, 1125 MHz, 2619 MHz, 396.96 W, 100 %, 88225 MiB
2026/09/15 20:59:17.180, 0, 1140 MHz, 2619 MHz, 396.79 W, 100 %, 88225 MiB
2026/09/15 20:59:17.281, 0, 1170 MHz, 2619 MHz, 395.14 W, 100 %, 88225 MiB
2026/09/15 20:59:17.381, 0, 1140 MHz, 2619 MHz, 395.49 W, 100 %, 88225 MiB
2026/09/15 20:59:17.481, 0, 1110 MHz, 2619 MHz, 394.93 W, 100 %, 88225 MiB
2026/09/15 20:59:17.582, 0, 1140 MHz, 2619 MHz, 394.98 W, 100 %, 88225 MiB
2026/09/15 20:59:17.682, 0, 1050 MHz, 2619 MHz, 394.18 W, 100 %, 88225 MiB
2026/09/15 20:59:17.782, 0, 1095 MHz, 2619 MHz, 394.33 W, 100 %, 88225 MiB
2026/09/15 20:59:17.882, 0, 1080 MHz, 2619 MHz, 394.78 W, 100 %, 88225 MiB
2026/09/15 20:59:17.983, 0, 1080 MHz, 2619 MHz, 395.11 W, 100 %, 88225 MiB
2026/09/15 20:59:18.083, 0, 1110 MHz, 2619 MHz, 395.70 W, 100 %, 88225 MiB
2026/09/15 20:59:18.183, 0, 1140 MHz, 2619 MHz, 394.79 W, 100 %, 88225 MiB
2026/09/15 20:59:18.284, 0, 1170 MHz, 2619 MHz, 394.98 W, 100 %, 88225 MiB
2026/09/15 20:59:18.384, 0, 1125 MHz, 2619 MHz, 394.32 W, 100 %, 88225 MiB
2026/09/15 20:59:18.484, 0, 1125 MHz, 2619 MHz, 394.49 W, 100 %, 88225 MiB
2026/09/15 20:59:18.585, 0, 1110 MHz, 2619 MHz, 394.86 W, 100 %, 88225 MiB
2026/09/15 20:59:18.685, 0, 1050 MHz, 2619 MHz, 394.68 W, 100 %, 88225 MiB
2026/09/15 20:59:18.785, 0, 1035 MHz, 2619 MHz, 395.50 W, 100 %, 88225 MiB
2026/09/15 20:59:18.886, 0, 1020 MHz, 2619 MHz, 396.27 W, 100 %, 88225 MiB
2026/09/15 20:59:18.986, 0, 1050 MHz, 2619 MHz, 396.61 W, 100 %, 88225 MiB
2026/09/15 20:59:19.086, 0, 1065 MHz, 2619 MHz, 396.83 W, 100 %, 88225 MiB
2026/09/15 20:59:19.187, 0, 1110 MHz, 2619 MHz, 397.22 W, 100 %, 88225 MiB
2026/09/15 20:59:19.287, 0, 1110 MHz, 2619 MHz, 396.76 W, 100 %, 88225 MiB
2026/09/15 20:59:19.387, 0, 1095 MHz, 2619 MHz, 396.55 W, 100 %, 88225 MiB
2026/09/15 20:59:19.488, 0, 1155 MHz, 2619 MHz, 391.78 W, 100 %, 88225 MiB
